start_of_poss,percent_of_initial_attempts,e_fg_percent,percent_shots_at_rim,fg_percent_at_rim,percent_shots_2pt_jumpers,fg_percent_2pt_jumpers,percent_shots_3pt,fg_percent_3pt,season,team
"Rebound, 0-10 s",0.146,0.478,0.506,0.532,0.129,0.406,0.365,0.28600000000000003,2017-18,Rider
"Rebound, 11-30 s",0.191,0.486,0.366,0.563,0.222,0.389,0.41200000000000003,0.313,2017-18,Rider
"Opp score, 0-10 s",0.057999999999999996,0.485,0.29600000000000004,0.586,0.184,0.444,0.52,0.294,2017-18,Rider
"Opp score, 11-30 s",0.382,0.498,0.39299999999999996,0.486,0.247,0.344,0.361,0.41,2017-18,Rider
"Steal, 0-10 s",0.086,0.6970000000000001,0.782,0.722,0.068,0.3,0.15,0.5,2017-18,Rider
"Steal, 11-30 s",0.019,0.606,0.39399999999999996,0.462,0.303,0.5,0.303,0.6,2017-18,Rider
Transition,0.29,0.545,0.547,0.619,0.121,0.4,0.332,0.317,2017-18,Rider
