start_of_poss,percent_of_initial_attempts,e_fg_percent,percent_shots_at_rim,fg_percent_at_rim,percent_shots_2pt_jumpers,fg_percent_2pt_jumpers,percent_shots_3pt,fg_percent_3pt,season,team
"Rebound, 0-10 s",0.127,0.563,0.467,0.6409999999999999,0.183,0.278,0.35,0.406,2014-15,Dayton
"Rebound, 11-30 s",0.233,0.47200000000000003,0.20199999999999999,0.562,0.34600000000000003,0.376,0.452,0.337,2014-15,Dayton
"Opp score, 0-10 s",0.046,0.535,0.507,0.722,0.127,0.33299999999999996,0.366,0.231,2014-15,Dayton
"Opp score, 11-30 s",0.363,0.5539999999999999,0.249,0.65,0.33399999999999996,0.426,0.41700000000000004,0.4,2014-15,Dayton
"Steal, 0-10 s",0.075,0.679,0.778,0.769,0.068,0.25,0.154,0.278,2014-15,Dayton
"Steal, 11-30 s",0.034,0.462,0.245,0.615,0.358,0.474,0.396,0.23800000000000002,2014-15,Dayton
Transition,0.248,0.594,0.569,0.708,0.138,0.28300000000000003,0.294,0.345,2014-15,Dayton
