start_of_poss,percent_of_initial_attempts,e_fg_percent,percent_shots_at_rim,fg_percent_at_rim,percent_shots_2pt_jumpers,fg_percent_2pt_jumpers,percent_shots_3pt,fg_percent_3pt,season
"Rebound, 0-10 s",0.109,0.503,0.524,0.5579999999999999,0.11599999999999999,0.316,0.36,0.322,2014-15
"Rebound, 11-30 s",0.24600000000000002,0.47700000000000004,0.397,0.473,0.342,0.429,0.261,0.365,2014-15
"Score, 0-10 s",0.039,0.405,0.32799999999999996,0.579,0.10300000000000001,0.33299999999999996,0.569,0.212,2014-15
"Score, 11-30 s",0.42200000000000004,0.479,0.37200000000000005,0.5529999999999999,0.293,0.335,0.335,0.349,2014-15
"Steal, 0-10 s",0.051,0.5720000000000001,0.789,0.6829999999999999,0.039,0.33299999999999996,0.171,0.077,2014-15
"Steal, 11-30 s",0.023,0.632,0.382,0.6920000000000001,0.41200000000000003,0.5710000000000001,0.20600000000000002,0.429,2014-15
Transition,0.19899999999999998,0.502,0.5539999999999999,0.606,0.094,0.321,0.35200000000000004,0.257,2014-15
