start_of_poss,percent_of_initial_attempts,e_fg_percent,percent_shots_at_rim,fg_percent_at_rim,percent_shots_2pt_jumpers,fg_percent_2pt_jumpers,percent_shots_3pt,fg_percent_3pt,season
"Rebound, 0-10 s",0.14400000000000002,0.49,0.415,0.598,0.20199999999999999,0.308,0.384,0.313,2017-18
"Rebound, 11-30 s",0.188,0.433,0.261,0.534,0.433,0.37,0.306,0.29100000000000004,2017-18
"Score, 0-10 s",0.076,0.496,0.255,0.6,0.212,0.276,0.5329999999999999,0.35600000000000004,2017-18
"Score, 11-30 s",0.381,0.466,0.221,0.523,0.40700000000000003,0.381,0.37200000000000005,0.35,2017-18
"Steal, 0-10 s",0.059000000000000004,0.604,0.632,0.7759999999999999,0.151,0.375,0.217,0.174,2017-18
"Steal, 11-30 s",0.02,0.643,0.2,0.857,0.429,0.4,0.371,0.5379999999999999,2017-18
Transition,0.28,0.516,0.41700000000000004,0.6559999999999999,0.19399999999999998,0.309,0.389,0.313,2017-18
