start_of_poss,percent_of_initial_attempts,e_fg_percent,percent_shots_at_rim,fg_percent_at_rim,percent_shots_2pt_jumpers,fg_percent_2pt_jumpers,percent_shots_3pt,fg_percent_3pt,season,team
"Rebound, 0-10 s",0.13699999999999998,0.593,0.373,0.6920000000000001,0.187,0.33299999999999996,0.44,0.413,2014-15,Vanderbilt
"Rebound, 11-30 s",0.231,0.523,0.285,0.624,0.36200000000000004,0.344,0.353,0.41600000000000004,2014-15,Vanderbilt
"Opp score, 0-10 s",0.024,0.595,0.297,0.636,0.10800000000000001,0,0.595,0.455,2014-15,Vanderbilt
"Opp score, 11-30 s",0.397,0.551,0.267,0.6729999999999999,0.359,0.42200000000000004,0.374,0.392,2014-15,Vanderbilt
"Steal, 0-10 s",0.05,0.649,0.584,0.667,0.13,0.2,0.28600000000000003,0.545,2014-15,Vanderbilt
"Steal, 11-30 s",0.027000000000000003,0.56,0.19,0.875,0.405,0.529,0.405,0.294,2014-15,Vanderbilt
Transition,0.21100000000000002,0.607,0.415,0.679,0.16399999999999998,0.28300000000000003,0.42100000000000004,0.441,2014-15,Vanderbilt
