start_of_poss,percent_of_initial_attempts,e_fg_percent,percent_shots_at_rim,fg_percent_at_rim,percent_shots_2pt_jumpers,fg_percent_2pt_jumpers,percent_shots_3pt,fg_percent_3pt,season,team
"Rebound, 0-10 s",0.133,0.48100000000000004,0.409,0.583,0.179,0.28600000000000003,0.413,0.309,2018-19,WesternKy.
"Rebound, 11-30 s",0.20600000000000002,0.434,0.23800000000000002,0.563,0.326,0.252,0.436,0.33299999999999996,2018-19,WesternKy.
"Score, 0-10 s",0.057999999999999996,0.392,0.275,0.75,0.20600000000000002,0.19,0.52,0.18899999999999997,2018-19,WesternKy.
"Score, 11-30 s",0.396,0.54,0.258,0.63,0.298,0.34,0.444,0.415,2018-19,WesternKy.
"Steal, 0-10 s",0.055,0.526,0.639,0.645,0.08199999999999999,0.25,0.278,0.222,2018-19,WesternKy.
"Steal, 11-30 s",0.021,0.32899999999999996,0.21100000000000002,0.375,0.342,0.154,0.447,0.294,2018-19,WesternKy.
Transition,0.245,0.47,0.429,0.629,0.16399999999999998,0.254,0.408,0.26,2018-19,WesternKy.
