start_of_poss,percent_of_initial_attempts,e_fg_percent,percent_shots_at_rim,fg_percent_at_rim,percent_shots_2pt_jumpers,fg_percent_2pt_jumpers,percent_shots_3pt,fg_percent_3pt,season,team
"Rebound, 0-10 s",0.098,0.5920000000000001,0.441,0.667,0.16899999999999998,0.652,0.39,0.321,2015-16,Manhattan
"Rebound, 11-30 s",0.259,0.486,0.311,0.598,0.325,0.359,0.364,0.336,2015-16,Manhattan
"Score, 0-10 s",0.051,0.486,0.62,0.591,0.155,0.364,0.225,0.188,2015-16,Manhattan
"Score, 11-30 s",0.36,0.518,0.353,0.5539999999999999,0.335,0.435,0.311,0.37799999999999995,2015-16,Manhattan
"Steal, 0-10 s",0.069,0.63,0.615,0.7290000000000001,0.135,0.5379999999999999,0.25,0.292,2015-16,Manhattan
"Steal, 11-30 s",0.027000000000000003,0.5539999999999999,0.37799999999999995,0.7140000000000001,0.324,0.25,0.297,0.455,2015-16,Manhattan
Transition,0.218,0.579,0.5379999999999999,0.669,0.155,0.5529999999999999,0.307,0.29,2015-16,Manhattan
