start_of_poss,percent_of_initial_attempts,e_fg_percent,percent_shots_at_rim,fg_percent_at_rim,percent_shots_2pt_jumpers,fg_percent_2pt_jumpers,percent_shots_3pt,fg_percent_3pt,season,team
"Rebound, 0-10 s",0.122,0.5820000000000001,0.579,0.669,0.11199999999999999,0.41700000000000004,0.308,0.318,2017-18,N.C.A&T
"Rebound, 11-30 s",0.22699999999999998,0.465,0.32799999999999996,0.588,0.23600000000000002,0.34,0.436,0.293,2017-18,N.C.A&T
"Opp score, 0-10 s",0.062,0.537,0.523,0.667,0.156,0.235,0.321,0.314,2017-18,N.C.A&T
"Opp score, 11-30 s",0.397,0.465,0.34700000000000003,0.62,0.254,0.322,0.39899999999999997,0.281,2017-18,N.C.A&T
"Steal, 0-10 s",0.067,0.742,0.8390000000000001,0.7879999999999999,0.051,0.33299999999999996,0.11,0.385,2017-18,N.C.A&T
"Steal, 11-30 s",0.016,0.429,0.39299999999999996,0.364,0.214,0.33299999999999996,0.39299999999999996,0.364,2017-18,N.C.A&T
Transition,0.251,0.613,0.635,0.711,0.107,0.34,0.259,0.325,2017-18,N.C.A&T
