start_of_poss,percent_of_initial_attempts,e_fg_percent,percent_shots_at_rim,fg_percent_at_rim,percent_shots_2pt_jumpers,fg_percent_2pt_jumpers,percent_shots_3pt,fg_percent_3pt,season
"Rebound, 0-10 s",0.157,0.617,0.524,0.5870000000000001,0.126,0.44799999999999995,0.35100000000000003,0.48100000000000004,2013-14
"Rebound, 11-30 s",0.19899999999999998,0.444,0.364,0.43,0.282,0.313,0.354,0.375,2013-14
"Score, 0-10 s",0.064,0.46799999999999997,0.447,0.429,0.16,0.5329999999999999,0.39399999999999996,0.324,2013-14
"Score, 11-30 s",0.369,0.47200000000000003,0.414,0.484,0.287,0.397,0.3,0.35,2013-14
"Steal, 0-10 s",0.073,0.57,0.626,0.612,0.121,0.385,0.252,0.37,2013-14
"Steal, 11-30 s",0.022000000000000002,0.672,0.469,0.8,0.188,0.33299999999999996,0.344,0.455,2013-14
Transition,0.293,0.573,0.532,0.565,0.132,0.456,0.336,0.42100000000000004,2013-14
