start_of_poss,percent_of_initial_attempts,e_fg_percent,percent_shots_at_rim,fg_percent_at_rim,percent_shots_2pt_jumpers,fg_percent_2pt_jumpers,percent_shots_3pt,fg_percent_3pt,season,team
"Rebound, 0-10 s",0.134,0.563,0.382,0.684,0.077,0.25,0.541,0.348,2017-18,Vanderbilt
"Rebound, 11-30 s",0.221,0.44,0.335,0.504,0.22699999999999998,0.26899999999999996,0.43700000000000006,0.32,2017-18,Vanderbilt
"Opp score, 0-10 s",0.043,0.5379999999999999,0.318,0.762,0.061,0,0.621,0.317,2017-18,Vanderbilt
"Opp score, 11-30 s",0.439,0.514,0.281,0.581,0.226,0.39,0.493,0.355,2017-18,Vanderbilt
"Steal, 0-10 s",0.055999999999999994,0.674,0.535,0.7170000000000001,0.023,0.5,0.442,0.42100000000000004,2017-18,Vanderbilt
"Steal, 11-30 s",0.02,0.758,0.32299999999999995,0.6,0.258,0.5,0.419,0.6920000000000001,2017-18,Vanderbilt
Transition,0.23199999999999998,0.585,0.40700000000000003,0.705,0.061,0.22699999999999998,0.532,0.35600000000000004,2017-18,Vanderbilt
