start_of_poss,percent_of_initial_attempts,e_fg_percent,percent_shots_at_rim,fg_percent_at_rim,percent_shots_2pt_jumpers,fg_percent_2pt_jumpers,percent_shots_3pt,fg_percent_3pt,season
"Rebound, 0-10 s",0.152,0.556,0.444,0.5820000000000001,0.131,0.528,0.425,0.359,2018-19
"Rebound, 11-30 s",0.207,0.552,0.389,0.5820000000000001,0.27699999999999997,0.308,0.33299999999999996,0.48,2018-19
"Score, 0-10 s",0.066,0.55,0.25,0.767,0.192,0.304,0.5579999999999999,0.358,2018-19
"Score, 11-30 s",0.391,0.45,0.33299999999999996,0.475,0.32899999999999996,0.35200000000000004,0.33799999999999997,0.34700000000000003,2018-19
"Steal, 0-10 s",0.06,0.639,0.602,0.6920000000000001,0.055999999999999994,0.5,0.34299999999999997,0.37799999999999995,2018-19
"Steal, 11-30 s",0.02,0.595,0.37799999999999995,0.643,0.21600000000000003,0.5,0.405,0.4,2018-19
Transition,0.278,0.573,0.431,0.6409999999999999,0.129,0.446,0.439,0.36200000000000004,2018-19
