start_of_poss,percent_of_initial_attempts,e_fg_percent,percent_shots_at_rim,fg_percent_at_rim,percent_shots_2pt_jumpers,fg_percent_2pt_jumpers,percent_shots_3pt,fg_percent_3pt,season,team
"Rebound, 0-10 s",0.122,0.544,0.645,0.61,0.158,0.379,0.19699999999999998,0.306,2015-16,CSUN
"Rebound, 11-30 s",0.225,0.45299999999999996,0.386,0.534,0.35100000000000003,0.336,0.263,0.326,2015-16,CSUN
"Opp score, 0-10 s",0.08,0.496,0.375,0.5329999999999999,0.275,0.39399999999999996,0.35,0.35700000000000004,2015-16,CSUN
"Opp score, 11-30 s",0.36200000000000004,0.44799999999999995,0.414,0.529,0.294,0.33799999999999997,0.292,0.29600000000000004,2015-16,CSUN
"Steal, 0-10 s",0.064,0.562,0.866,0.607,0.07200000000000001,0.28600000000000003,0.062,0.16699999999999998,2015-16,CSUN
"Steal, 11-30 s",0.027000000000000003,0.42700000000000005,0.341,0.35700000000000004,0.317,0.615,0.341,0.214,2015-16,CSUN
Transition,0.266,0.534,0.618,0.595,0.172,0.377,0.21,0.321,2015-16,CSUN
