start_of_poss,percent_of_initial_attempts,e_fg_percent,percent_shots_at_rim,fg_percent_at_rim,percent_shots_2pt_jumpers,fg_percent_2pt_jumpers,percent_shots_3pt,fg_percent_3pt,season,team
"Rebound, 0-10 s",0.115,0.523,0.409,0.6709999999999999,0.187,0.41700000000000004,0.40399999999999997,0.282,2018-19,BostonU.
"Rebound, 11-30 s",0.23,0.527,0.387,0.611,0.299,0.478,0.314,0.314,2018-19,BostonU.
"Opp score, 0-10 s",0.045,0.593,0.373,0.679,0.16,0.5,0.467,0.371,2018-19,BostonU.
"Opp score, 11-30 s",0.409,0.5429999999999999,0.34,0.605,0.302,0.42,0.358,0.392,2018-19,BostonU.
"Steal, 0-10 s",0.055999999999999994,0.622,0.691,0.677,0.096,0.444,0.213,0.35,2018-19,BostonU.
"Steal, 11-30 s",0.02,0.382,0.294,0.7,0.353,0.25,0.353,0.16699999999999998,2018-19,BostonU.
Transition,0.21600000000000003,0.564,0.475,0.674,0.157,0.439,0.36700000000000005,0.316,2018-19,BostonU.
