start_of_poss,percent_of_initial_attempts,e_fg_percent,percent_shots_at_rim,fg_percent_at_rim,percent_shots_2pt_jumpers,fg_percent_2pt_jumpers,percent_shots_3pt,fg_percent_3pt,season,team
"Rebound, 0-10 s",0.10300000000000001,0.503,0.39799999999999996,0.6759999999999999,0.257,0.364,0.345,0.271,2011-12,Oregon
"Rebound, 11-30 s",0.207,0.445,0.268,0.402,0.42,0.354,0.312,0.402,2011-12,Oregon
"Score, 0-10 s",0.066,0.353,0.321,0.22899999999999998,0.22899999999999998,0.44,0.45,0.265,2011-12,Oregon
"Score, 11-30 s",0.41100000000000003,0.49,0.271,0.584,0.4,0.42100000000000004,0.32799999999999996,0.33,2011-12,Oregon
"Steal, 0-10 s",0.055,0.7090000000000001,0.593,0.667,0.187,0.529,0.22,0.65,2011-12,Oregon
"Steal, 11-30 s",0.031,0.34600000000000003,0.231,0.41700000000000004,0.519,0.37,0.25,0.154,2011-12,Oregon
Transition,0.22399999999999998,0.509,0.423,0.573,0.23199999999999998,0.419,0.345,0.32799999999999996,2011-12,Oregon
