start_of_poss,percent_of_initial_attempts,e_fg_percent,percent_shots_at_rim,fg_percent_at_rim,percent_shots_2pt_jumpers,fg_percent_2pt_jumpers,percent_shots_3pt,fg_percent_3pt,season,team
"Rebound, 0-10 s",0.13699999999999998,0.489,0.41600000000000004,0.5870000000000001,0.249,0.273,0.335,0.35100000000000003,2011-12,UtahValley
"Rebound, 11-30 s",0.245,0.48100000000000004,0.28600000000000003,0.5660000000000001,0.413,0.405,0.301,0.336,2011-12,UtahValley
"Opp score, 0-10 s",0.028999999999999998,0.426,0.298,0.7140000000000001,0.149,0.14300000000000002,0.5529999999999999,0.231,2011-12,UtahValley
"Opp score, 11-30 s",0.395,0.43700000000000006,0.308,0.556,0.36700000000000005,0.34600000000000003,0.325,0.285,2011-12,UtahValley
"Steal, 0-10 s",0.062,0.55,0.54,0.667,0.23,0.435,0.23,0.261,2011-12,UtahValley
"Steal, 11-30 s",0.03,0.429,0.184,0.444,0.49,0.45799999999999996,0.327,0.25,2011-12,UtahValley
Transition,0.228,0.49700000000000005,0.435,0.625,0.231,0.306,0.33399999999999996,0.309,2011-12,UtahValley
