start_of_poss,percent_of_initial_attempts,e_fg_percent,percent_shots_at_rim,fg_percent_at_rim,percent_shots_2pt_jumpers,fg_percent_2pt_jumpers,percent_shots_3pt,fg_percent_3pt,season
"Rebound, 0-10 s",0.153,0.578,0.405,0.645,0.17800000000000002,0.532,0.41700000000000004,0.355,2019-20
"Rebound, 11-30 s",0.221,0.542,0.264,0.653,0.332,0.37,0.405,0.406,2019-20
"Score, 0-10 s",0.07400000000000001,0.617,0.406,0.6729999999999999,0.266,0.5,0.32799999999999996,0.429,2019-20
"Score, 11-30 s",0.336,0.504,0.262,0.638,0.318,0.395,0.42,0.336,2019-20
"Steal, 0-10 s",0.055,0.547,0.677,0.662,0.115,0.455,0.20800000000000002,0.15,2019-20
"Steal, 11-30 s",0.012,0.524,0.23800000000000002,0.6,0.28600000000000003,0.33299999999999996,0.47600000000000003,0.4,2019-20
Transition,0.282,0.5820000000000001,0.45899999999999996,0.6559999999999999,0.18899999999999997,0.511,0.35200000000000004,0.349,2019-20
