start_of_poss,percent_of_initial_attempts,e_fg_percent,percent_shots_at_rim,fg_percent_at_rim,percent_shots_2pt_jumpers,fg_percent_2pt_jumpers,percent_shots_3pt,fg_percent_3pt,season
"Rebound, 0-10 s",0.155,0.514,0.341,0.521,0.145,0.387,0.514,0.364,2019-20
"Rebound, 11-30 s",0.18899999999999997,0.489,0.272,0.5489999999999999,0.307,0.41200000000000003,0.42100000000000004,0.336,2019-20
"Score, 0-10 s",0.05,0.5720000000000001,0.536,0.6759999999999999,0.10099999999999999,0.14300000000000002,0.36200000000000004,0.36,2019-20
"Score, 11-30 s",0.397,0.485,0.28300000000000003,0.51,0.299,0.39,0.418,0.358,2019-20
"Steal, 0-10 s",0.032,0.568,0.523,0.7829999999999999,0.159,0.14300000000000002,0.318,0.28600000000000003,2019-20
"Steal, 11-30 s",0.017,0.522,0.261,0.833,0.13,0.33299999999999996,0.609,0.28600000000000003,2019-20
Transition,0.237,0.534,0.40700000000000003,0.609,0.138,0.311,0.456,0.35600000000000004,2019-20
