start_of_poss,percent_of_initial_attempts,e_fg_percent,percent_shots_at_rim,fg_percent_at_rim,percent_shots_2pt_jumpers,fg_percent_2pt_jumpers,percent_shots_3pt,fg_percent_3pt,season
"Rebound, 0-10 s",0.14300000000000002,0.518,0.327,0.569,0.146,0.414,0.528,0.34299999999999997,2018-19
"Rebound, 11-30 s",0.285,0.456,0.321,0.52,0.247,0.29600000000000004,0.43200000000000005,0.33299999999999996,2018-19
"Score, 0-10 s",0.028999999999999998,0.65,0.4,0.75,0.1,0.5,0.5,0.4,2018-19
"Score, 11-30 s",0.34,0.49200000000000005,0.324,0.588,0.297,0.39299999999999996,0.379,0.324,2018-19
"Steal, 0-10 s",0.045,0.645,0.677,0.69,0.065,0.5,0.258,0.375,2018-19
"Steal, 11-30 s",0.022000000000000002,0.532,0.484,0.733,0.226,0.5710000000000001,0.29,0.111,2018-19
Transition,0.217,0.561,0.409,0.634,0.12300000000000001,0.43200000000000005,0.46799999999999997,0.355,2018-19
