start_of_poss,percent_of_initial_attempts,e_fg_percent,percent_shots_at_rim,fg_percent_at_rim,percent_shots_2pt_jumpers,fg_percent_2pt_jumpers,percent_shots_3pt,fg_percent_3pt,season
"Rebound, 0-10 s",0.149,0.565,0.405,0.593,0.18600000000000003,0.385,0.409,0.41200000000000003,2017-18
"Rebound, 11-30 s",0.193,0.475,0.26899999999999996,0.515,0.38799999999999996,0.386,0.34299999999999997,0.363,2017-18
"Score, 0-10 s",0.077,0.40299999999999997,0.40299999999999997,0.534,0.19399999999999998,0.321,0.40299999999999997,0.207,2017-18
"Score, 11-30 s",0.39399999999999996,0.446,0.275,0.507,0.335,0.344,0.389,0.32799999999999996,2017-18
"Steal, 0-10 s",0.065,0.483,0.669,0.593,0.083,0.3,0.248,0.16699999999999998,2017-18
"Steal, 11-30 s",0.017,0.469,0.281,0.556,0.406,0.308,0.312,0.4,2017-18
Transition,0.29100000000000004,0.504,0.46299999999999997,0.579,0.165,0.35600000000000004,0.371,0.317,2017-18
