start_of_poss,percent_of_initial_attempts,e_fg_percent,percent_shots_at_rim,fg_percent_at_rim,percent_shots_2pt_jumpers,fg_percent_2pt_jumpers,percent_shots_3pt,fg_percent_3pt,season,team
"Rebound, 0-10 s",0.132,0.49,0.503,0.616,0.259,0.255,0.239,0.319,2012-13,Charlotte
"Rebound, 11-30 s",0.214,0.45799999999999996,0.382,0.5489999999999999,0.37,0.33899999999999997,0.248,0.32899999999999996,2012-13,Charlotte
"Opp score, 0-10 s",0.053,0.392,0.316,0.64,0.266,0.429,0.418,0.121,2012-13,Charlotte
"Opp score, 11-30 s",0.381,0.396,0.344,0.574,0.39,0.271,0.266,0.23199999999999998,2012-13,Charlotte
"Steal, 0-10 s",0.07400000000000001,0.782,0.7090000000000001,0.846,0.155,0.47100000000000003,0.136,0.5329999999999999,2012-13,Charlotte
"Steal, 11-30 s",0.027999999999999997,0.5479999999999999,0.35700000000000004,0.6,0.28600000000000003,0.41700000000000004,0.35700000000000004,0.4,2012-13,Charlotte
Transition,0.259,0.5529999999999999,0.523,0.708,0.231,0.337,0.24600000000000002,0.284,2012-13,Charlotte
