start_of_poss,percent_of_initial_attempts,e_fg_percent,percent_shots_at_rim,fg_percent_at_rim,percent_shots_2pt_jumpers,fg_percent_2pt_jumpers,percent_shots_3pt,fg_percent_3pt,season,team
"Rebound, 0-10 s",0.13,0.47700000000000004,0.382,0.536,0.2,0.273,0.418,0.348,2018-19,Binghamton
"Rebound, 11-30 s",0.252,0.508,0.287,0.475,0.299,0.41700000000000004,0.414,0.39799999999999996,2018-19,Binghamton
"Score, 0-10 s",0.043,0.542,0.34700000000000003,0.6,0.18100000000000002,0.231,0.47200000000000003,0.41200000000000003,2018-19,Binghamton
"Score, 11-30 s",0.368,0.518,0.254,0.5820000000000001,0.306,0.316,0.44,0.414,2018-19,Binghamton
"Steal, 0-10 s",0.07,0.5589999999999999,0.706,0.619,0.05,0.16699999999999998,0.244,0.31,2018-19,Binghamton
"Steal, 11-30 s",0.024,0.588,0.2,0.625,0.375,0.5329999999999999,0.425,0.41200000000000003,2018-19,Binghamton
Transition,0.243,0.512,0.47,0.58,0.153,0.254,0.377,0.355,2018-19,Binghamton
