start_of_poss,percent_of_initial_attempts,e_fg_percent,percent_shots_at_rim,fg_percent_at_rim,percent_shots_2pt_jumpers,fg_percent_2pt_jumpers,percent_shots_3pt,fg_percent_3pt,season,team
"Rebound, 0-10 s",0.10800000000000001,0.516,0.373,0.433,0.099,0.375,0.528,0.4,2016-17,MoreheadSt.
"Rebound, 11-30 s",0.209,0.484,0.321,0.63,0.25,0.397,0.429,0.284,2016-17,MoreheadSt.
"Score, 0-10 s",0.064,0.552,0.312,0.5329999999999999,0.146,0.28600000000000003,0.542,0.423,2016-17,MoreheadSt.
"Score, 11-30 s",0.41,0.508,0.37200000000000005,0.531,0.253,0.426,0.375,0.361,2016-17,MoreheadSt.
"Steal, 0-10 s",0.053,0.6579999999999999,0.633,0.66,0.08900000000000001,0.5710000000000001,0.278,0.455,2016-17,MoreheadSt.
"Steal, 11-30 s",0.015,0.413,0.565,0.462,0.261,0.33299999999999996,0.174,0.25,2016-17,MoreheadSt.
Transition,0.225,0.56,0.41700000000000004,0.536,0.11,0.37799999999999995,0.473,0.415,2016-17,MoreheadSt.
