start_of_poss,percent_of_initial_attempts,e_fg_percent,percent_shots_at_rim,fg_percent_at_rim,percent_shots_2pt_jumpers,fg_percent_2pt_jumpers,percent_shots_3pt,fg_percent_3pt,season
"Rebound, 0-10 s",0.158,0.5670000000000001,0.39,0.637,0.138,0.325,0.47200000000000003,0.387,2016-17
"Rebound, 11-30 s",0.195,0.47100000000000003,0.34700000000000003,0.524,0.289,0.41700000000000004,0.364,0.308,2016-17
"Opp score, 0-10 s",0.03,0.46399999999999997,0.327,0.722,0.091,0.4,0.5820000000000001,0.21899999999999997,2016-17
"Opp score, 11-30 s",0.414,0.503,0.31,0.5529999999999999,0.281,0.35700000000000004,0.409,0.377,2016-17
"Steal, 0-10 s",0.076,0.654,0.7070000000000001,0.7170000000000001,0.086,0.33299999999999996,0.207,0.379,2016-17
"Steal, 11-30 s",0.023,0.337,0.37200000000000005,0.5,0.37200000000000005,0.312,0.256,0.091,2016-17
Transition,0.265,0.58,0.474,0.6779999999999999,0.11800000000000001,0.33299999999999996,0.408,0.359,2016-17
