start_of_poss,percent_of_initial_attempts,e_fg_percent,percent_shots_at_rim,fg_percent_at_rim,percent_shots_2pt_jumpers,fg_percent_2pt_jumpers,percent_shots_3pt,fg_percent_3pt,season
"Rebound, 0-10 s",0.10800000000000001,0.63,0.317,0.6859999999999999,0.18600000000000003,0.467,0.49700000000000005,0.43799999999999994,2017-18
"Rebound, 11-30 s",0.226,0.542,0.273,0.7070000000000001,0.335,0.363,0.392,0.386,2017-18
"Score, 0-10 s",0.046,0.601,0.217,0.8,0.24600000000000002,0.41200000000000003,0.536,0.405,2017-18
"Score, 11-30 s",0.39899999999999997,0.488,0.188,0.634,0.361,0.358,0.45,0.354,2017-18
"Steal, 0-10 s",0.057999999999999996,0.586,0.575,0.7,0.126,0.364,0.299,0.308,2017-18
"Steal, 11-30 s",0.026000000000000002,0.34600000000000003,0.179,0.5710000000000001,0.41,0.312,0.41,0.188,2017-18
Transition,0.212,0.612,0.366,0.7070000000000001,0.183,0.431,0.451,0.406,2017-18
