start_of_poss,percent_of_initial_attempts,e_fg_percent,percent_shots_at_rim,fg_percent_at_rim,percent_shots_2pt_jumpers,fg_percent_2pt_jumpers,percent_shots_3pt,fg_percent_3pt,season
"Rebound, 0-10 s",0.10800000000000001,0.569,0.301,0.6,0.295,0.429,0.40399999999999997,0.433,2014-15
"Rebound, 11-30 s",0.24,0.505,0.23600000000000002,0.575,0.374,0.348,0.39,0.41,2014-15
"Score, 0-10 s",0.04,0.435,0.242,0.467,0.226,0.35700000000000004,0.532,0.303,2014-15
"Score, 11-30 s",0.408,0.465,0.222,0.561,0.43799999999999994,0.38299999999999995,0.34,0.33799999999999997,2014-15
"Steal, 0-10 s",0.061,0.5429999999999999,0.5479999999999999,0.627,0.183,0.47100000000000003,0.26899999999999996,0.28,2014-15
"Steal, 11-30 s",0.035,0.5,0.28300000000000003,0.5329999999999999,0.377,0.25,0.34,0.5,2014-15
Transition,0.209,0.536,0.361,0.595,0.249,0.425,0.389,0.368,2014-15
