start_of_poss,percent_of_initial_attempts,e_fg_percent,percent_shots_at_rim,fg_percent_at_rim,percent_shots_2pt_jumpers,fg_percent_2pt_jumpers,percent_shots_3pt,fg_percent_3pt,season,team
"Rebound, 0-10 s",0.10400000000000001,0.495,0.406,0.615,0.24,0.37,0.354,0.294,2015-16,Purdue
"Rebound, 11-30 s",0.207,0.435,0.22399999999999998,0.57,0.47700000000000004,0.33299999999999996,0.299,0.33,2015-16,Purdue
"Score, 0-10 s",0.034,0.262,0.28600000000000003,0.278,0.222,0.5,0.49200000000000005,0.09699999999999999,2015-16,Purdue
"Score, 11-30 s",0.45399999999999996,0.41600000000000004,0.215,0.569,0.434,0.29,0.35100000000000003,0.319,2015-16,Purdue
"Steal, 0-10 s",0.062,0.649,0.579,0.742,0.21100000000000002,0.41700000000000004,0.21100000000000002,0.41700000000000004,2015-16,Purdue
"Steal, 11-30 s",0.036000000000000004,0.49200000000000005,0.16699999999999998,0.636,0.53,0.34299999999999997,0.303,0.45,2015-16,Purdue
Transition,0.19899999999999998,0.503,0.439,0.63,0.228,0.405,0.33299999999999996,0.268,2015-16,Purdue
