start_of_poss,percent_of_initial_attempts,e_fg_percent,percent_shots_at_rim,fg_percent_at_rim,percent_shots_2pt_jumpers,fg_percent_2pt_jumpers,percent_shots_3pt,fg_percent_3pt,season,team
"Rebound, 0-10 s",0.086,0.478,0.474,0.556,0.149,0.294,0.377,0.302,2016-17,Harvard
"Rebound, 11-30 s",0.251,0.475,0.365,0.574,0.29,0.34,0.344,0.322,2016-17,Harvard
"Score, 0-10 s",0.040999999999999995,0.536,0.436,0.708,0.182,0.5,0.382,0.23800000000000002,2016-17,Harvard
"Score, 11-30 s",0.41200000000000003,0.42100000000000004,0.34600000000000003,0.49700000000000005,0.276,0.298,0.37799999999999995,0.295,2016-17,Harvard
"Steal, 0-10 s",0.067,0.545,0.539,0.6459999999999999,0.10099999999999999,0.111,0.36,0.344,2016-17,Harvard
"Steal, 11-30 s",0.035,0.426,0.38299999999999995,0.444,0.319,0.2,0.298,0.429,2016-17,Harvard
Transition,0.19399999999999998,0.514,0.488,0.619,0.14,0.306,0.37200000000000005,0.302,2016-17,Harvard
