start_of_poss,percent_of_initial_attempts,e_fg_percent,percent_shots_at_rim,fg_percent_at_rim,percent_shots_2pt_jumpers,fg_percent_2pt_jumpers,percent_shots_3pt,fg_percent_3pt,season
"Rebound, 0-10 s",0.10400000000000001,0.503,0.371,0.629,0.26899999999999996,0.267,0.359,0.36700000000000005,2014-15
"Rebound, 11-30 s",0.26899999999999996,0.385,0.20199999999999999,0.563,0.447,0.255,0.35100000000000003,0.298,2014-15
"Score, 0-10 s",0.042,0.5589999999999999,0.41200000000000003,0.7140000000000001,0.27899999999999997,0.316,0.309,0.381,2014-15
"Score, 11-30 s",0.39,0.386,0.235,0.49700000000000005,0.41600000000000004,0.28800000000000003,0.349,0.284,2014-15
"Steal, 0-10 s",0.057,0.637,0.5710000000000001,0.769,0.198,0.33299999999999996,0.231,0.381,2014-15
"Steal, 11-30 s",0.027999999999999997,0.489,0.17800000000000002,0.625,0.467,0.381,0.35600000000000004,0.375,2014-15
Transition,0.204,0.552,0.436,0.6970000000000001,0.252,0.293,0.313,0.373,2014-15
