start_of_poss,percent_of_initial_attempts,e_fg_percent,percent_shots_at_rim,fg_percent_at_rim,percent_shots_2pt_jumpers,fg_percent_2pt_jumpers,percent_shots_3pt,fg_percent_3pt,season
"Rebound, 0-10 s",0.131,0.573,0.384,0.619,0.196,0.488,0.42,0.38,2016-17
"Rebound, 11-30 s",0.217,0.511,0.226,0.61,0.355,0.341,0.419,0.401,2016-17
"Score, 0-10 s",0.067,0.5579999999999999,0.35700000000000004,0.725,0.179,0.55,0.46399999999999997,0.28800000000000003,2016-17
"Score, 11-30 s",0.389,0.466,0.275,0.547,0.29100000000000004,0.37,0.434,0.319,2016-17
"Steal, 0-10 s",0.065,0.532,0.67,0.562,0.11,0.16699999999999998,0.22,0.41700000000000004,2016-17
"Steal, 11-30 s",0.019,0.387,0.19399999999999998,0.667,0.355,0.182,0.452,0.28600000000000003,2016-17
Transition,0.263,0.5589999999999999,0.44799999999999995,0.619,0.17,0.45299999999999996,0.382,0.35700000000000004,2016-17
