start_of_poss,percent_of_initial_attempts,e_fg_percent,percent_shots_at_rim,fg_percent_at_rim,percent_shots_2pt_jumpers,fg_percent_2pt_jumpers,percent_shots_3pt,fg_percent_3pt,season
"Rebound, 0-10 s",0.165,0.541,0.405,0.602,0.172,0.38,0.423,0.366,2016-17
"Rebound, 11-30 s",0.19399999999999998,0.442,0.365,0.496,0.35700000000000004,0.385,0.278,0.295,2016-17
"Opp score, 0-10 s",0.09300000000000001,0.466,0.42100000000000004,0.406,0.165,0.40700000000000003,0.415,0.368,2016-17
"Opp score, 11-30 s",0.37,0.447,0.285,0.40299999999999997,0.38,0.34700000000000003,0.33399999999999996,0.39899999999999997,2016-17
"Steal, 0-10 s",0.055999999999999994,0.616,0.505,0.76,0.182,0.444,0.313,0.32299999999999995,2016-17
"Steal, 11-30 s",0.015,0.423,0.34600000000000003,0.444,0.26899999999999996,0.5710000000000001,0.385,0.2,2016-17
Transition,0.315,0.532,0.428,0.578,0.171,0.4,0.401,0.36,2016-17
