start_of_poss,percent_of_initial_attempts,e_fg_percent,percent_shots_at_rim,fg_percent_at_rim,percent_shots_2pt_jumpers,fg_percent_2pt_jumpers,percent_shots_3pt,fg_percent_3pt,season,team
"Rebound, 0-10 s",0.147,0.502,0.368,0.6709999999999999,0.22,0.306,0.413,0.304,2019-20,MississippiSt.
"Rebound, 11-30 s",0.153,0.491,0.263,0.623,0.384,0.41600000000000004,0.353,0.317,2019-20,MississippiSt.
"Score, 0-10 s",0.065,0.551,0.444,0.659,0.162,0.375,0.39399999999999996,0.33299999999999996,2019-20,MississippiSt.
"Score, 11-30 s",0.409,0.444,0.24600000000000002,0.5529999999999999,0.37200000000000005,0.335,0.38299999999999995,0.321,2019-20,MississippiSt.
"Steal, 0-10 s",0.051,0.63,0.61,0.6809999999999999,0.14300000000000002,0.545,0.247,0.368,2019-20,MississippiSt.
"Steal, 11-30 s",0.026000000000000002,0.43799999999999994,0.225,0.556,0.325,0.385,0.45,0.278,2019-20,MississippiSt.
Transition,0.264,0.539,0.434,0.6709999999999999,0.19,0.355,0.376,0.32,2019-20,MississippiSt.
