start_of_poss,percent_of_initial_attempts,e_fg_percent,percent_shots_at_rim,fg_percent_at_rim,percent_shots_2pt_jumpers,fg_percent_2pt_jumpers,percent_shots_3pt,fg_percent_3pt,season
"Rebound, 0-10 s",0.14300000000000002,0.616,0.434,0.7070000000000001,0.12300000000000001,0.429,0.44299999999999995,0.386,2017-18
"Rebound, 11-30 s",0.239,0.563,0.29100000000000004,0.64,0.293,0.375,0.41600000000000004,0.428,2017-18
"Score, 0-10 s",0.027999999999999997,0.602,0.386,0.765,0.182,0.75,0.43200000000000005,0.263,2017-18
"Score, 11-30 s",0.38299999999999995,0.54,0.257,0.624,0.285,0.35100000000000003,0.45799999999999996,0.40700000000000003,2017-18
"Steal, 0-10 s",0.07,0.768,0.705,0.797,0.054000000000000006,0.33299999999999996,0.24100000000000002,0.519,2017-18
"Steal, 11-30 s",0.024,0.5660000000000001,0.316,0.75,0.263,0.2,0.42100000000000004,0.43799999999999994,2017-18
Transition,0.24,0.659,0.508,0.7490000000000001,0.109,0.47600000000000003,0.38299999999999995,0.395,2017-18
