start_of_poss,percent_of_initial_attempts,e_fg_percent,percent_shots_at_rim,fg_percent_at_rim,percent_shots_2pt_jumpers,fg_percent_2pt_jumpers,percent_shots_3pt,fg_percent_3pt,season,team
"Rebound, 0-10 s",0.111,0.616,0.40700000000000003,0.75,0.282,0.5,0.311,0.364,2015-16,IndianaSt.
"Rebound, 11-30 s",0.281,0.392,0.259,0.466,0.408,0.344,0.33299999999999996,0.262,2015-16,IndianaSt.
"Score, 0-10 s",0.043,0.375,0.397,0.40700000000000003,0.235,0.43799999999999994,0.368,0.2,2015-16,IndianaSt.
"Score, 11-30 s",0.359,0.44799999999999995,0.264,0.556,0.364,0.332,0.37200000000000005,0.324,2015-16,IndianaSt.
"Steal, 0-10 s",0.057999999999999996,0.5920000000000001,0.565,0.635,0.163,0.33299999999999996,0.272,0.44,2015-16,IndianaSt.
"Steal, 11-30 s",0.028999999999999998,0.467,0.217,0.2,0.391,0.5,0.391,0.389,2015-16,IndianaSt.
Transition,0.21100000000000002,0.561,0.44799999999999995,0.649,0.24,0.457,0.312,0.34299999999999997,2015-16,IndianaSt.
