start_of_poss,percent_of_initial_attempts,e_fg_percent,percent_shots_at_rim,fg_percent_at_rim,percent_shots_2pt_jumpers,fg_percent_2pt_jumpers,percent_shots_3pt,fg_percent_3pt,season
"Rebound, 0-10 s",0.107,0.628,0.237,0.722,0.23,0.486,0.5329999999999999,0.43200000000000005,2014-15
"Rebound, 11-30 s",0.233,0.539,0.29100000000000004,0.615,0.29100000000000004,0.271,0.418,0.449,2014-15
"Score, 0-10 s",0.059000000000000004,0.434,0.39799999999999996,0.667,0.24100000000000002,0.1,0.361,0.267,2014-15
"Score, 11-30 s",0.396,0.509,0.26899999999999996,0.682,0.282,0.272,0.449,0.369,2014-15
"Steal, 0-10 s",0.08199999999999999,0.5820000000000001,0.526,0.705,0.172,0.1,0.302,0.429,2014-15
"Steal, 11-30 s",0.023,0.409,0.242,0.625,0.33299999999999996,0.364,0.424,0.214,2014-15
Transition,0.248,0.5670000000000001,0.37,0.7,0.214,0.28,0.41600000000000004,0.397,2014-15
