start_of_poss,percent_of_initial_attempts,e_fg_percent,percent_shots_at_rim,fg_percent_at_rim,percent_shots_2pt_jumpers,fg_percent_2pt_jumpers,percent_shots_3pt,fg_percent_3pt,season,team
"Rebound, 0-10 s",0.09699999999999999,0.46799999999999997,0.374,0.462,0.19399999999999998,0.40700000000000003,0.43200000000000005,0.33299999999999996,2013-14,Col.ofCharleston
"Rebound, 11-30 s",0.293,0.445,0.258,0.519,0.33899999999999997,0.33799999999999997,0.40299999999999997,0.325,2013-14,Col.ofCharleston
"Opp score, 0-10 s",0.043,0.444,0.355,0.591,0.19399999999999998,0.33299999999999996,0.452,0.25,2013-14,Col.ofCharleston
"Opp score, 11-30 s",0.39299999999999996,0.46799999999999997,0.25,0.56,0.368,0.36200000000000004,0.382,0.34,2013-14,Col.ofCharleston
"Steal, 0-10 s",0.049,0.693,0.6,0.7140000000000001,0.1,0.28600000000000003,0.3,0.524,2013-14,Col.ofCharleston
"Steal, 11-30 s",0.022000000000000002,0.46799999999999997,0.355,0.455,0.32299999999999995,0.2,0.32299999999999995,0.5,2013-14,Col.ofCharleston
Transition,0.18899999999999997,0.52,0.428,0.578,0.17,0.37,0.402,0.349,2013-14,Col.ofCharleston
