start_of_poss,percent_of_initial_attempts,e_fg_percent,percent_shots_at_rim,fg_percent_at_rim,percent_shots_2pt_jumpers,fg_percent_2pt_jumpers,percent_shots_3pt,fg_percent_3pt,season,team
"Rebound, 0-10 s",0.149,0.462,0.519,0.593,0.14800000000000002,0.22899999999999998,0.33299999999999996,0.24100000000000002,2013-14,MoreheadSt.
"Rebound, 11-30 s",0.174,0.48,0.301,0.6990000000000001,0.319,0.318,0.38,0.295,2013-14,MoreheadSt.
"Opp score, 0-10 s",0.07200000000000001,0.474,0.48700000000000004,0.5539999999999999,0.113,0.308,0.4,0.28300000000000003,2013-14,MoreheadSt.
"Opp score, 11-30 s",0.36,0.488,0.322,0.565,0.297,0.376,0.381,0.33899999999999997,2013-14,MoreheadSt.
"Steal, 0-10 s",0.08900000000000001,0.648,0.7609999999999999,0.75,0.092,0.154,0.14800000000000002,0.28600000000000003,2013-14,MoreheadSt.
"Steal, 11-30 s",0.027999999999999997,0.42200000000000004,0.267,0.583,0.311,0.429,0.42200000000000004,0.21100000000000002,2013-14,MoreheadSt.
Transition,0.311,0.518,0.581,0.645,0.12300000000000001,0.23,0.29600000000000004,0.26,2013-14,MoreheadSt.
