start_of_poss,percent_of_initial_attempts,e_fg_percent,percent_shots_at_rim,fg_percent_at_rim,percent_shots_2pt_jumpers,fg_percent_2pt_jumpers,percent_shots_3pt,fg_percent_3pt,season
"Rebound, 0-10 s",0.059000000000000004,0.588,0.435,0.6759999999999999,0.141,0.33299999999999996,0.424,0.389,2014-15
"Rebound, 11-30 s",0.263,0.507,0.294,0.55,0.20199999999999999,0.32899999999999996,0.504,0.368,2014-15
"Opp score, 0-10 s",0.03,0.37200000000000005,0.302,0.615,0.14,0.33299999999999996,0.5579999999999999,0.16699999999999998,2014-15
"Opp score, 11-30 s",0.424,0.465,0.303,0.598,0.213,0.233,0.484,0.32299999999999995,2014-15
"Steal, 0-10 s",0.071,0.545,0.733,0.635,0.079,0.25,0.188,0.21100000000000002,2014-15
"Steal, 11-30 s",0.048,0.64,0.27899999999999997,0.684,0.20600000000000002,0.35700000000000004,0.515,0.486,2014-15
Transition,0.16,0.528,0.541,0.645,0.114,0.308,0.345,0.278,2014-15
