start_of_poss,percent_of_initial_attempts,e_fg_percent,percent_shots_at_rim,fg_percent_at_rim,percent_shots_2pt_jumpers,fg_percent_2pt_jumpers,percent_shots_3pt,fg_percent_3pt,season,team
"Rebound, 0-10 s",0.127,0.58,0.44799999999999995,0.593,0.182,0.545,0.37,0.38799999999999996,2011-12,CentralConn.St.
"Rebound, 11-30 s",0.184,0.46399999999999997,0.336,0.545,0.363,0.34700000000000003,0.302,0.342,2011-12,CentralConn.St.
"Opp score, 0-10 s",0.062,0.43200000000000005,0.35200000000000004,0.452,0.25,0.273,0.39799999999999996,0.34299999999999997,2011-12,CentralConn.St.
"Opp score, 11-30 s",0.368,0.405,0.275,0.45799999999999996,0.36700000000000005,0.276,0.358,0.332,2011-12,CentralConn.St.
"Steal, 0-10 s",0.08900000000000001,0.579,0.6829999999999999,0.593,0.11900000000000001,0.267,0.198,0.48,2011-12,CentralConn.St.
"Steal, 11-30 s",0.025,0.4,0.457,0.562,0.28600000000000003,0.5,0.257,0,2011-12,CentralConn.St.
Transition,0.278,0.547,0.501,0.5710000000000001,0.177,0.4,0.322,0.39399999999999996,2011-12,CentralConn.St.
