start_of_poss,percent_of_initial_attempts,e_fg_percent,percent_shots_at_rim,fg_percent_at_rim,percent_shots_2pt_jumpers,fg_percent_2pt_jumpers,percent_shots_3pt,fg_percent_3pt,season,team
"Rebound, 0-10 s",0.131,0.536,0.498,0.5820000000000001,0.1,0.5,0.40299999999999997,0.326,2017-18,WestVirginia
"Rebound, 11-30 s",0.215,0.457,0.319,0.414,0.231,0.28600000000000003,0.451,0.384,2017-18,WestVirginia
"Score, 0-10 s",0.067,0.513,0.345,0.48700000000000004,0.195,0.409,0.46,0.385,2017-18,WestVirginia
"Score, 11-30 s",0.40399999999999997,0.466,0.32299999999999995,0.516,0.272,0.301,0.405,0.35700000000000004,2017-18,WestVirginia
"Steal, 0-10 s",0.064,0.593,0.537,0.552,0.09300000000000001,0.5,0.37,0.45,2017-18,WestVirginia
"Steal, 11-30 s",0.022000000000000002,0.419,0.405,0.667,0.27,0.1,0.324,0.25,2017-18,WestVirginia
Transition,0.261,0.544,0.46799999999999997,0.556,0.122,0.46299999999999997,0.41,0.37,2017-18,WestVirginia
