start_of_poss,percent_of_initial_attempts,e_fg_percent,percent_shots_at_rim,fg_percent_at_rim,percent_shots_2pt_jumpers,fg_percent_2pt_jumpers,percent_shots_3pt,fg_percent_3pt,season
"Rebound, 0-10 s",0.127,0.5539999999999999,0.43,0.662,0.19899999999999998,0.21600000000000003,0.371,0.406,2017-18
"Rebound, 11-30 s",0.218,0.445,0.35200000000000004,0.527,0.365,0.31,0.28300000000000003,0.344,2017-18
"Opp score, 0-10 s",0.055999999999999994,0.61,0.402,0.545,0.171,0.5710000000000001,0.42700000000000005,0.457,2017-18
"Opp score, 11-30 s",0.354,0.47700000000000004,0.35100000000000003,0.555,0.36700000000000005,0.42100000000000004,0.282,0.301,2017-18
"Steal, 0-10 s",0.09,0.6859999999999999,0.773,0.706,0.098,0.385,0.129,0.529,2017-18
"Steal, 11-30 s",0.023,0.39399999999999996,0.303,0.6,0.455,0.267,0.242,0.25,2017-18
Transition,0.27399999999999997,0.609,0.5379999999999999,0.665,0.16,0.32799999999999996,0.302,0.43799999999999994,2017-18
