start_of_poss,percent_of_initial_attempts,e_fg_percent,percent_shots_at_rim,fg_percent_at_rim,percent_shots_2pt_jumpers,fg_percent_2pt_jumpers,percent_shots_3pt,fg_percent_3pt,season,team
"Rebound, 0-10 s",0.20600000000000002,0.473,0.419,0.552,0.14400000000000002,0.217,0.43799999999999994,0.321,2019-20,JamesMadison
"Rebound, 11-30 s",0.175,0.43200000000000005,0.395,0.45799999999999996,0.18100000000000002,0.34700000000000003,0.424,0.29600000000000004,2019-20,JamesMadison
"Opp score, 0-10 s",0.09,0.557,0.379,0.679,0.114,0.375,0.507,0.33799999999999997,2019-20,JamesMadison
"Opp score, 11-30 s",0.34600000000000003,0.433,0.354,0.547,0.21600000000000003,0.276,0.429,0.278,2019-20,JamesMadison
"Steal, 0-10 s",0.043,0.619,0.5820000000000001,0.59,0.10400000000000001,0.7140000000000001,0.313,0.429,2019-20,JamesMadison
"Steal, 11-30 s",0.015,0.354,0.45799999999999996,0.273,0.20800000000000002,0.2,0.33299999999999996,0.375,2019-20,JamesMadison
Transition,0.34,0.514,0.429,0.588,0.131,0.304,0.44,0.336,2019-20,JamesMadison
