start_of_poss,percent_of_initial_attempts,e_fg_percent,percent_shots_at_rim,fg_percent_at_rim,percent_shots_2pt_jumpers,fg_percent_2pt_jumpers,percent_shots_3pt,fg_percent_3pt,season
"Rebound, 0-10 s",0.14,0.636,0.289,0.72,0.231,0.35,0.48,0.48200000000000004,2012-13
"Rebound, 11-30 s",0.205,0.494,0.221,0.625,0.40700000000000003,0.35,0.37200000000000005,0.38299999999999995,2012-13
"Score, 0-10 s",0.048,0.449,0.237,0.7859999999999999,0.271,0.312,0.49200000000000005,0.24100000000000002,2012-13
"Score, 11-30 s",0.33799999999999997,0.455,0.249,0.596,0.373,0.321,0.37799999999999995,0.32899999999999996,2012-13
"Steal, 0-10 s",0.09300000000000001,0.713,0.617,0.8170000000000001,0.087,0.3,0.29600000000000004,0.41200000000000003,2012-13
"Steal, 11-30 s",0.033,0.561,0.293,0.75,0.366,0.33299999999999996,0.341,0.429,2012-13
Transition,0.281,0.63,0.389,0.778,0.19,0.33299999999999996,0.42100000000000004,0.418,2012-13
