start_of_poss,percent_of_initial_attempts,e_fg_percent,percent_shots_at_rim,fg_percent_at_rim,percent_shots_2pt_jumpers,fg_percent_2pt_jumpers,percent_shots_3pt,fg_percent_3pt,season,team
"Rebound, 0-10 s",0.129,0.478,0.405,0.606,0.21100000000000002,0.306,0.384,0.292,2014-15,La.-Monroe
"Rebound, 11-30 s",0.23,0.423,0.275,0.474,0.33,0.41600000000000004,0.395,0.262,2014-15,La.-Monroe
"Score, 0-10 s",0.048,0.47100000000000003,0.345,0.5670000000000001,0.161,0.429,0.494,0.27899999999999997,2014-15,La.-Monroe
"Score, 11-30 s",0.392,0.41700000000000004,0.285,0.455,0.364,0.364,0.35,0.294,2014-15,La.-Monroe
"Steal, 0-10 s",0.057999999999999996,0.5329999999999999,0.562,0.61,0.114,0.16699999999999998,0.324,0.353,2014-15,La.-Monroe
"Steal, 11-30 s",0.026000000000000002,0.33,0.213,0.5,0.38299999999999995,0.33299999999999996,0.40399999999999997,0.158,2014-15,La.-Monroe
Transition,0.235,0.491,0.43200000000000005,0.601,0.177,0.307,0.392,0.301,2014-15,La.-Monroe
