start_of_poss,percent_of_initial_attempts,e_fg_percent,percent_shots_at_rim,fg_percent_at_rim,percent_shots_2pt_jumpers,fg_percent_2pt_jumpers,percent_shots_3pt,fg_percent_3pt,season
"Rebound, 0-10 s",0.107,0.517,0.406,0.589,0.217,0.359,0.37799999999999995,0.353,2016-17
"Rebound, 11-30 s",0.207,0.478,0.331,0.574,0.366,0.409,0.303,0.305,2016-17
"Score, 0-10 s",0.046,0.506,0.397,0.613,0.282,0.591,0.321,0.2,2016-17
"Score, 11-30 s",0.446,0.41600000000000004,0.33899999999999997,0.47200000000000003,0.327,0.359,0.33399999999999996,0.276,2016-17
"Steal, 0-10 s",0.057999999999999996,0.536,0.6729999999999999,0.53,0.122,0.33299999999999996,0.204,0.45,2016-17
"Steal, 11-30 s",0.024,0.588,0.425,0.529,0.2,0.125,0.375,0.6,2016-17
Transition,0.212,0.52,0.478,0.5710000000000001,0.205,0.425,0.317,0.336,2016-17
