start_of_poss,percent_of_initial_attempts,e_fg_percent,percent_shots_at_rim,fg_percent_at_rim,percent_shots_2pt_jumpers,fg_percent_2pt_jumpers,percent_shots_3pt,fg_percent_3pt,season,team
"Rebound, 0-10 s",0.162,0.43200000000000005,0.445,0.47600000000000003,0.14800000000000002,0.2,0.40700000000000003,0.312,2019-20,Tennessee
"Rebound, 11-30 s",0.187,0.495,0.319,0.46,0.311,0.376,0.37,0.41600000000000004,2019-20,Tennessee
"Score, 0-10 s",0.040999999999999995,0.583,0.467,0.679,0.16699999999999998,0.4,0.36700000000000005,0.364,2019-20,Tennessee
"Score, 11-30 s",0.384,0.439,0.34600000000000003,0.5,0.282,0.348,0.373,0.301,2019-20,Tennessee
"Steal, 0-10 s",0.052000000000000005,0.579,0.645,0.5920000000000001,0.079,0.5,0.276,0.381,2019-20,Tennessee
"Steal, 11-30 s",0.027000000000000003,0.425,0.4,0.562,0.225,0.222,0.375,0.267,2019-20,Tennessee
Transition,0.255,0.48700000000000004,0.489,0.5379999999999999,0.13699999999999998,0.275,0.374,0.331,2019-20,Tennessee
