start_of_poss,percent_of_initial_attempts,e_fg_percent,percent_shots_at_rim,fg_percent_at_rim,percent_shots_2pt_jumpers,fg_percent_2pt_jumpers,percent_shots_3pt,fg_percent_3pt,season,team
"Rebound, 0-10 s",0.10400000000000001,0.59,0.43700000000000006,0.6579999999999999,0.132,0.455,0.431,0.375,2012-13,Belmont
"Rebound, 11-30 s",0.21899999999999997,0.5760000000000001,0.34299999999999997,0.603,0.22899999999999998,0.48100000000000004,0.428,0.40399999999999997,2012-13,Belmont
"Opp score, 0-10 s",0.065,0.596,0.365,0.684,0.154,0.375,0.48100000000000004,0.4,2012-13,Belmont
"Opp score, 11-30 s",0.342,0.537,0.303,0.623,0.278,0.392,0.419,0.381,2012-13,Belmont
"Steal, 0-10 s",0.095,0.6729999999999999,0.6409999999999999,0.7140000000000001,0.092,0.429,0.268,0.439,2012-13,Belmont
"Steal, 11-30 s",0.045,0.632,0.306,0.636,0.18100000000000002,0.462,0.514,0.45899999999999996,2012-13,Belmont
Transition,0.263,0.621,0.493,0.6890000000000001,0.12300000000000001,0.423,0.384,0.39899999999999997,2012-13,Belmont
