start_of_poss,percent_of_initial_attempts,e_fg_percent,percent_shots_at_rim,fg_percent_at_rim,percent_shots_2pt_jumpers,fg_percent_2pt_jumpers,percent_shots_3pt,fg_percent_3pt,season,team
"Rebound, 0-10 s",0.087,0.516,0.433,0.545,0.205,0.5,0.36200000000000004,0.326,2012-13,Belmont
"Rebound, 11-30 s",0.21,0.5,0.20800000000000002,0.6409999999999999,0.371,0.342,0.42,0.38,2012-13,Belmont
"Score, 0-10 s",0.057,0.542,0.262,0.636,0.25,0.429,0.488,0.366,2012-13,Belmont
"Score, 11-30 s",0.433,0.41600000000000004,0.209,0.5379999999999999,0.373,0.305,0.418,0.303,2012-13,Belmont
"Steal, 0-10 s",0.075,0.674,0.642,0.6859999999999999,0.10099999999999999,0.545,0.257,0.46399999999999997,2012-13,Belmont
"Steal, 11-30 s",0.027999999999999997,0.439,0.195,0.375,0.415,0.353,0.39,0.375,2012-13,Belmont
Transition,0.21899999999999997,0.5770000000000001,0.45899999999999996,0.626,0.18100000000000002,0.483,0.359,0.374,2012-13,Belmont
