start_of_poss,percent_of_initial_attempts,e_fg_percent,percent_shots_at_rim,fg_percent_at_rim,percent_shots_2pt_jumpers,fg_percent_2pt_jumpers,percent_shots_3pt,fg_percent_3pt,season
"Rebound, 0-10 s",0.188,0.515,0.445,0.6409999999999999,0.20600000000000002,0.40299999999999997,0.35,0.281,2018-19
"Rebound, 11-30 s",0.184,0.434,0.373,0.546,0.361,0.261,0.266,0.341,2018-19
"Opp score, 0-10 s",0.052000000000000005,0.5,0.522,0.617,0.18899999999999997,0.235,0.289,0.308,2018-19
"Opp score, 11-30 s",0.387,0.44299999999999995,0.33399999999999996,0.545,0.358,0.342,0.307,0.301,2018-19
"Steal, 0-10 s",0.036000000000000004,0.619,0.698,0.795,0.14300000000000002,0.111,0.159,0.2,2018-19
"Steal, 11-30 s",0.01,0.6940000000000001,0.33299999999999996,0.833,0.556,0.6,0.111,0.5,2018-19
Transition,0.27699999999999997,0.526,0.493,0.665,0.19399999999999998,0.344,0.313,0.28,2018-19
