start_of_poss,percent_of_initial_attempts,e_fg_percent,percent_shots_at_rim,fg_percent_at_rim,percent_shots_2pt_jumpers,fg_percent_2pt_jumpers,percent_shots_3pt,fg_percent_3pt,season
"Rebound, 0-10 s",0.134,0.5479999999999999,0.445,0.596,0.175,0.457,0.38,0.355,2013-14
"Rebound, 11-30 s",0.24100000000000002,0.45899999999999996,0.374,0.552,0.29100000000000004,0.27899999999999997,0.335,0.342,2013-14
"Score, 0-10 s",0.06,0.522,0.39299999999999996,0.5710000000000001,0.18,0.25,0.42700000000000005,0.395,2013-14
"Score, 11-30 s",0.375,0.493,0.353,0.5529999999999999,0.276,0.396,0.371,0.33799999999999997,2013-14
"Steal, 0-10 s",0.057,0.541,0.624,0.642,0.129,0.273,0.247,0.28600000000000003,2013-14
"Steal, 11-30 s",0.022000000000000002,0.359,0.344,0.455,0.188,0.33299999999999996,0.469,0.2,2013-14
Transition,0.251,0.54,0.473,0.605,0.166,0.371,0.361,0.35600000000000004,2013-14
