start_of_poss,percent_of_initial_attempts,e_fg_percent,percent_shots_at_rim,fg_percent_at_rim,percent_shots_2pt_jumpers,fg_percent_2pt_jumpers,percent_shots_3pt,fg_percent_3pt,season,team
"Rebound, 0-10 s",0.17,0.525,0.35200000000000004,0.6890000000000001,0.23399999999999999,0.28300000000000003,0.414,0.349,2019-20,CalPoly
"Rebound, 11-30 s",0.172,0.519,0.248,0.6409999999999999,0.376,0.371,0.376,0.392,2019-20,CalPoly
"Opp score, 0-10 s",0.062,0.447,0.38299999999999995,0.583,0.20199999999999999,0.632,0.415,0.154,2019-20,CalPoly
"Opp score, 11-30 s",0.39399999999999996,0.43799999999999994,0.273,0.457,0.39299999999999996,0.348,0.33399999999999996,0.354,2019-20,CalPoly
"Steal, 0-10 s",0.035,0.547,0.604,0.6559999999999999,0.151,0.25,0.245,0.308,2019-20,CalPoly
"Steal, 11-30 s",0.023,0.529,0.314,0.727,0.34299999999999997,0.25,0.34299999999999997,0.41700000000000004,2019-20,CalPoly
Transition,0.268,0.51,0.392,0.6579999999999999,0.21600000000000003,0.35600000000000004,0.392,0.297,2019-20,CalPoly
