start_of_poss,percent_of_initial_attempts,e_fg_percent,percent_shots_at_rim,fg_percent_at_rim,percent_shots_2pt_jumpers,fg_percent_2pt_jumpers,percent_shots_3pt,fg_percent_3pt,season,team
"Rebound, 0-10 s",0.135,0.5579999999999999,0.652,0.628,0.182,0.278,0.16699999999999998,0.39399999999999996,2014-15,RhodeIsland
"Rebound, 11-30 s",0.22,0.43,0.34700000000000003,0.5539999999999999,0.31,0.35,0.344,0.252,2014-15,RhodeIsland
"Opp score, 0-10 s",0.02,0.6,0.4,0.75,0.2,0.5,0.4,0.33299999999999996,2014-15,RhodeIsland
"Opp score, 11-30 s",0.38799999999999996,0.428,0.292,0.518,0.35100000000000003,0.36,0.35700000000000004,0.281,2014-15,RhodeIsland
"Steal, 0-10 s",0.079,0.7240000000000001,0.828,0.802,0.129,0.267,0.043,0.4,2014-15,RhodeIsland
"Steal, 11-30 s",0.018000000000000002,0.29600000000000004,0.37,0.3,0.259,0.28600000000000003,0.37,0.2,2014-15,RhodeIsland
Transition,0.235,0.618,0.6890000000000001,0.705,0.166,0.298,0.145,0.38,2014-15,RhodeIsland
