start_of_poss,percent_of_initial_attempts,e_fg_percent,percent_shots_at_rim,fg_percent_at_rim,percent_shots_2pt_jumpers,fg_percent_2pt_jumpers,percent_shots_3pt,fg_percent_3pt,season,team
"Rebound, 0-10 s",0.102,0.488,0.46299999999999997,0.52,0.29600000000000004,0.45799999999999996,0.24100000000000002,0.308,2016-17,Pepperdine
"Rebound, 11-30 s",0.23600000000000002,0.46399999999999997,0.266,0.63,0.48100000000000004,0.326,0.253,0.368,2016-17,Pepperdine
"Opp score, 0-10 s",0.036000000000000004,0.447,0.368,0.429,0.263,0.2,0.368,0.429,2016-17,Pepperdine
"Opp score, 11-30 s",0.455,0.49,0.257,0.618,0.45399999999999996,0.36200000000000004,0.29,0.386,2016-17,Pepperdine
"Steal, 0-10 s",0.055,0.672,0.621,0.741,0.172,0.5329999999999999,0.207,0.389,2016-17,Pepperdine
"Steal, 11-30 s",0.018000000000000002,0.397,0.207,0.833,0.44799999999999995,0.385,0.345,0.1,2016-17,Pepperdine
Transition,0.192,0.5329999999999999,0.49,0.5870000000000001,0.255,0.423,0.255,0.359,2016-17,Pepperdine
