start_of_poss,percent_of_initial_attempts,e_fg_percent,percent_shots_at_rim,fg_percent_at_rim,percent_shots_2pt_jumpers,fg_percent_2pt_jumpers,percent_shots_3pt,fg_percent_3pt,season,team
"Rebound, 0-10 s",0.11800000000000001,0.517,0.45799999999999996,0.6459999999999999,0.207,0.297,0.335,0.317,2015-16,TexasTech
"Rebound, 11-30 s",0.23399999999999999,0.465,0.27899999999999997,0.606,0.406,0.292,0.315,0.375,2015-16,TexasTech
"Opp score, 0-10 s",0.042,0.391,0.281,0.556,0.23399999999999999,0.4,0.484,0.19399999999999998,2015-16,TexasTech
"Opp score, 11-30 s",0.392,0.479,0.287,0.62,0.385,0.32299999999999995,0.32799999999999996,0.359,2015-16,TexasTech
"Steal, 0-10 s",0.059000000000000004,0.611,0.733,0.7120000000000001,0.133,0.41700000000000004,0.133,0.16699999999999998,2015-16,TexasTech
"Steal, 11-30 s",0.03,0.37799999999999995,0.222,0.4,0.511,0.304,0.267,0.33299999999999996,2015-16,TexasTech
Transition,0.22,0.518,0.498,0.6629999999999999,0.192,0.344,0.309,0.262,2015-16,TexasTech
