start_of_poss,percent_of_initial_attempts,e_fg_percent,percent_shots_at_rim,fg_percent_at_rim,percent_shots_2pt_jumpers,fg_percent_2pt_jumpers,percent_shots_3pt,fg_percent_3pt,season
"Rebound, 0-10 s",0.141,0.507,0.493,0.618,0.20199999999999999,0.4,0.305,0.265,2014-15
"Rebound, 11-30 s",0.23800000000000002,0.46799999999999997,0.225,0.6709999999999999,0.43,0.358,0.345,0.315,2014-15
"Opp score, 0-10 s",0.034,0.537,0.14800000000000002,0.5,0.14800000000000002,0.5,0.7040000000000001,0.368,2014-15
"Opp score, 11-30 s",0.387,0.478,0.23399999999999999,0.545,0.361,0.312,0.405,0.391,2014-15
"Steal, 0-10 s",0.057999999999999996,0.69,0.696,0.7659999999999999,0.152,0.28600000000000003,0.152,0.5,2014-15
"Steal, 11-30 s",0.022000000000000002,0.5710000000000001,0.22899999999999998,0.75,0.5429999999999999,0.42100000000000004,0.22899999999999998,0.5,2014-15
Transition,0.233,0.557,0.493,0.665,0.182,0.38799999999999996,0.325,0.325,2014-15
