start_of_poss,percent_of_initial_attempts,e_fg_percent,percent_shots_at_rim,fg_percent_at_rim,percent_shots_2pt_jumpers,fg_percent_2pt_jumpers,percent_shots_3pt,fg_percent_3pt,season
"Rebound, 0-10 s",0.172,0.541,0.276,0.574,0.126,0.419,0.598,0.36700000000000005,2019-20
"Rebound, 11-30 s",0.21899999999999997,0.5479999999999999,0.249,0.6409999999999999,0.24,0.4,0.511,0.381,2019-20
"Opp score, 0-10 s",0.034,0.684,0.449,0.682,0.122,0.833,0.429,0.429,2019-20
"Opp score, 11-30 s",0.34600000000000003,0.484,0.313,0.581,0.198,0.37799999999999995,0.489,0.31,2019-20
"Steal, 0-10 s",0.040999999999999995,0.7070000000000001,0.7070000000000001,0.7070000000000001,0.017,0,0.276,0.5,2019-20
"Steal, 11-30 s",0.023,0.545,0.33299999999999996,0.636,0.121,0.5,0.545,0.33299999999999996,2019-20
Transition,0.247,0.588,0.371,0.634,0.10800000000000001,0.474,0.521,0.386,2019-20
