start_of_poss,percent_of_initial_attempts,e_fg_percent,percent_shots_at_rim,fg_percent_at_rim,percent_shots_2pt_jumpers,fg_percent_2pt_jumpers,percent_shots_3pt,fg_percent_3pt,season
"Rebound, 0-10 s",0.131,0.522,0.257,0.5529999999999999,0.27899999999999997,0.51,0.46399999999999997,0.341,2019-20
"Rebound, 11-30 s",0.183,0.449,0.20600000000000002,0.509,0.32299999999999995,0.325,0.47100000000000003,0.33899999999999997,2019-20
"Score, 0-10 s",0.053,0.446,0.324,0.833,0.311,0.304,0.365,0.14800000000000002,2019-20
"Score, 11-30 s",0.401,0.47200000000000003,0.21899999999999997,0.618,0.39,0.35600000000000004,0.391,0.336,2019-20
"Steal, 0-10 s",0.036000000000000004,0.77,0.68,0.853,0.1,0.4,0.22,0.455,2019-20
"Steal, 11-30 s",0.03,0.47600000000000003,0.31,0.769,0.5,0.47600000000000003,0.19,0,2019-20
Transition,0.21899999999999997,0.544,0.342,0.7140000000000001,0.257,0.44299999999999995,0.401,0.309,2019-20
