start_of_poss,percent_of_initial_attempts,e_fg_percent,percent_shots_at_rim,fg_percent_at_rim,percent_shots_2pt_jumpers,fg_percent_2pt_jumpers,percent_shots_3pt,fg_percent_3pt,season,team
"Rebound, 0-10 s",0.158,0.591,0.442,0.602,0.196,0.441,0.36200000000000004,0.44,2015-16,Kansas
"Rebound, 11-30 s",0.222,0.534,0.293,0.581,0.34299999999999997,0.441,0.364,0.39,2015-16,Kansas
"Opp score, 0-10 s",0.036000000000000004,0.654,0.41200000000000003,0.75,0.162,0.364,0.426,0.44799999999999995,2015-16,Kansas
"Opp score, 11-30 s",0.379,0.547,0.303,0.624,0.35700000000000004,0.401,0.34,0.42,2015-16,Kansas
"Steal, 0-10 s",0.07,0.711,0.7290000000000001,0.773,0.06,0.375,0.21100000000000002,0.39299999999999996,2015-16,Kansas
"Steal, 11-30 s",0.027000000000000003,0.40399999999999997,0.231,0.41700000000000004,0.519,0.259,0.25,0.462,2015-16,Kansas
Transition,0.264,0.631,0.514,0.682,0.155,0.423,0.331,0.434,2015-16,Kansas
