start_of_poss,percent_of_initial_attempts,e_fg_percent,percent_shots_at_rim,fg_percent_at_rim,percent_shots_2pt_jumpers,fg_percent_2pt_jumpers,percent_shots_3pt,fg_percent_3pt,season,team
"Rebound, 0-10 s",0.155,0.631,0.506,0.7290000000000001,0.239,0.41,0.255,0.431,2011-12,Memphis
"Rebound, 11-30 s",0.196,0.5,0.33399999999999996,0.6940000000000001,0.368,0.336,0.297,0.32299999999999995,2011-12,Memphis
"Opp score, 0-10 s",0.061,0.361,0.337,0.529,0.337,0.235,0.327,0.212,2011-12,Memphis
"Opp score, 11-30 s",0.364,0.523,0.265,0.629,0.396,0.401,0.33899999999999997,0.389,2011-12,Memphis
"Steal, 0-10 s",0.09699999999999999,0.708,0.723,0.8170000000000001,0.157,0.56,0.11900000000000001,0.158,2011-12,Memphis
"Steal, 11-30 s",0.02,0.515,0.39399999999999996,0.769,0.39399999999999996,0.308,0.212,0.28600000000000003,2011-12,Memphis
Transition,0.313,0.602,0.54,0.741,0.233,0.392,0.22699999999999998,0.325,2011-12,Memphis
