start_of_poss,percent_of_initial_attempts,e_fg_percent,percent_shots_at_rim,fg_percent_at_rim,percent_shots_2pt_jumpers,fg_percent_2pt_jumpers,percent_shots_3pt,fg_percent_3pt,season,team
"Rebound, 0-10 s",0.134,0.507,0.431,0.5,0.20600000000000002,0.452,0.363,0.365,2011-12,PrairieView
"Rebound, 11-30 s",0.214,0.429,0.28600000000000003,0.5589999999999999,0.391,0.37,0.32299999999999995,0.257,2011-12,PrairieView
"Score, 0-10 s",0.07200000000000001,0.514,0.42200000000000004,0.565,0.174,0.158,0.40399999999999997,0.409,2011-12,PrairieView
"Score, 11-30 s",0.332,0.414,0.325,0.445,0.309,0.314,0.366,0.314,2011-12,PrairieView
"Steal, 0-10 s",0.071,0.639,0.7040000000000001,0.605,0.12,0.615,0.17600000000000002,0.526,2011-12,PrairieView
"Steal, 11-30 s",0.031,0.38299999999999995,0.34,0.43799999999999994,0.319,0.5329999999999999,0.34,0.125,2011-12,PrairieView
Transition,0.27699999999999997,0.5429999999999999,0.499,0.552,0.17600000000000002,0.405,0.325,0.401,2011-12,PrairieView
