start_of_poss,percent_of_initial_attempts,e_fg_percent,percent_shots_at_rim,fg_percent_at_rim,percent_shots_2pt_jumpers,fg_percent_2pt_jumpers,percent_shots_3pt,fg_percent_3pt,season
"Rebound, 0-10 s",0.106,0.5579999999999999,0.43200000000000005,0.742,0.184,0.263,0.38299999999999995,0.32899999999999996,2013-14
"Rebound, 11-30 s",0.18600000000000003,0.382,0.314,0.5,0.364,0.265,0.322,0.265,2013-14
"Score, 0-10 s",0.067,0.473,0.392,0.627,0.231,0.33299999999999996,0.377,0.265,2013-14
"Score, 11-30 s",0.44,0.428,0.275,0.455,0.409,0.36,0.317,0.32799999999999996,2013-14
"Steal, 0-10 s",0.057999999999999996,0.638,0.679,0.7240000000000001,0.17,0.316,0.152,0.41200000000000003,2013-14
"Steal, 11-30 s",0.031,0.35,0.3,0.389,0.483,0.276,0.217,0.308,2013-14
Transition,0.23,0.5539999999999999,0.48200000000000004,0.708,0.19399999999999998,0.299,0.324,0.317,2013-14
