start_of_poss,percent_of_initial_attempts,e_fg_percent,percent_shots_at_rim,fg_percent_at_rim,percent_shots_2pt_jumpers,fg_percent_2pt_jumpers,percent_shots_3pt,fg_percent_3pt,season,team
"Rebound, 0-10 s",0.129,0.606,0.284,0.613,0.128,0.46399999999999997,0.5870000000000001,0.42200000000000004,2017-18,Toledo
"Rebound, 11-30 s",0.257,0.511,0.301,0.527,0.257,0.366,0.441,0.391,2017-18,Toledo
"Opp score, 0-10 s",0.052000000000000005,0.551,0.375,0.6970000000000001,0.102,0.33299999999999996,0.523,0.326,2017-18,Toledo
"Opp score, 11-30 s",0.41100000000000003,0.525,0.34600000000000003,0.5770000000000001,0.282,0.38299999999999995,0.37200000000000005,0.39,2017-18,Toledo
"Steal, 0-10 s",0.035,0.585,0.61,0.639,0.085,0.2,0.305,0.389,2017-18,Toledo
"Steal, 11-30 s",0.013999999999999999,0.542,0.33299999999999996,0.25,0.25,0.33299999999999996,0.41700000000000004,0.6,2017-18,Toledo
Transition,0.215,0.589,0.359,0.6409999999999999,0.115,0.405,0.526,0.396,2017-18,Toledo
