start_of_poss,percent_of_initial_attempts,e_fg_percent,percent_shots_at_rim,fg_percent_at_rim,percent_shots_2pt_jumpers,fg_percent_2pt_jumpers,percent_shots_3pt,fg_percent_3pt,season
"Rebound, 0-10 s",0.153,0.535,0.484,0.5589999999999999,0.184,0.4,0.332,0.38299999999999995,2018-19
"Rebound, 11-30 s",0.201,0.502,0.324,0.5670000000000001,0.255,0.402,0.42100000000000004,0.341,2018-19
"Score, 0-10 s",0.051,0.555,0.402,0.667,0.195,0.25,0.402,0.39399999999999996,2018-19
"Score, 11-30 s",0.382,0.46399999999999997,0.369,0.507,0.239,0.315,0.392,0.34299999999999997,2018-19
"Steal, 0-10 s",0.054000000000000006,0.622,0.698,0.733,0.07,0.33299999999999996,0.233,0.25,2018-19
"Steal, 11-30 s",0.016,0.40399999999999997,0.385,0.4,0.26899999999999996,0.28600000000000003,0.34600000000000003,0.33299999999999996,2018-19
Transition,0.258,0.557,0.512,0.626,0.163,0.358,0.325,0.366,2018-19
