shot_type,percent_of_shots,fg_percent,percent_of_shots_blocked,unblocked_fg_percent,season
At Rim,0.392,0.555,0.113,0.626,2018-19
2pt Jumpers,0.226,0.36700000000000005,0.066,0.39299999999999996,2018-19
3pt Shots,0.382,0.371,0.006999999999999999,0.374,2018-19
