start_of_poss,percent_of_initial_attempts,e_fg_percent,percent_shots_at_rim,fg_percent_at_rim,percent_shots_2pt_jumpers,fg_percent_2pt_jumpers,percent_shots_3pt,fg_percent_3pt,season
"Rebound, 0-10 s",0.168,0.462,0.414,0.557,0.21899999999999997,0.344,0.36700000000000005,0.284,2019-20
"Rebound, 11-30 s",0.204,0.48200000000000004,0.373,0.5,0.26,0.35200000000000004,0.36700000000000005,0.371,2019-20
"Score, 0-10 s",0.036000000000000004,0.45799999999999996,0.33899999999999997,0.8,0.16899999999999998,0.5,0.49200000000000005,0.138,2019-20
"Score, 11-30 s",0.39799999999999996,0.455,0.34299999999999997,0.513,0.258,0.429,0.39899999999999997,0.281,2019-20
"Steal, 0-10 s",0.038,0.5710000000000001,0.7140000000000001,0.644,0.048,0.33299999999999996,0.23800000000000002,0.267,2019-20
"Steal, 11-30 s",0.021,0.5429999999999999,0.4,0.5710000000000001,0.28600000000000003,0.5,0.314,0.364,2019-20
Transition,0.242,0.479,0.45,0.606,0.185,0.365,0.365,0.253,2019-20
