start_of_poss,percent_of_initial_attempts,e_fg_percent,percent_shots_at_rim,fg_percent_at_rim,percent_shots_2pt_jumpers,fg_percent_2pt_jumpers,percent_shots_3pt,fg_percent_3pt,season
"Rebound, 0-10 s",0.132,0.442,0.452,0.564,0.221,0.261,0.327,0.265,2016-17
"Rebound, 11-30 s",0.23399999999999999,0.391,0.28300000000000003,0.48100000000000004,0.36,0.28800000000000003,0.35700000000000004,0.282,2016-17
"Score, 0-10 s",0.052000000000000005,0.38299999999999995,0.37,0.5329999999999999,0.272,0.273,0.358,0.207,2016-17
"Score, 11-30 s",0.353,0.45899999999999996,0.314,0.546,0.28,0.361,0.406,0.307,2016-17
"Steal, 0-10 s",0.07400000000000001,0.701,0.675,0.797,0.12,0.5,0.205,0.33299999999999996,2016-17
"Steal, 11-30 s",0.028999999999999998,0.337,0.304,0.5,0.478,0.318,0.217,0.1,2016-17
Transition,0.258,0.505,0.5,0.65,0.20199999999999999,0.305,0.298,0.264,2016-17
