start_of_poss,percent_of_initial_attempts,e_fg_percent,percent_shots_at_rim,fg_percent_at_rim,percent_shots_2pt_jumpers,fg_percent_2pt_jumpers,percent_shots_3pt,fg_percent_3pt,season,team
"Rebound, 0-10 s",0.109,0.47700000000000004,0.483,0.5760000000000001,0.17,0.267,0.34700000000000003,0.295,2014-15,OhioSt.
"Rebound, 11-30 s",0.23,0.499,0.305,0.531,0.28800000000000003,0.355,0.40700000000000003,0.384,2014-15,OhioSt.
"Score, 0-10 s",0.035,0.5,0.509,0.621,0.175,0.3,0.316,0.278,2014-15,OhioSt.
"Score, 11-30 s",0.444,0.40399999999999997,0.27699999999999997,0.49,0.28800000000000003,0.27699999999999997,0.435,0.289,2014-15,OhioSt.
"Steal, 0-10 s",0.049,0.557,0.6709999999999999,0.623,0.10099999999999999,0.25,0.228,0.33299999999999996,2014-15,OhioSt.
"Steal, 11-30 s",0.025,0.5,0.25,0.7,0.3,0.083,0.45,0.444,2014-15,OhioSt.
Transition,0.19399999999999998,0.502,0.535,0.599,0.154,0.271,0.311,0.299,2014-15,OhioSt.
