start_of_poss,percent_of_initial_attempts,e_fg_percent,percent_shots_at_rim,fg_percent_at_rim,percent_shots_2pt_jumpers,fg_percent_2pt_jumpers,percent_shots_3pt,fg_percent_3pt,season
"Rebound, 0-10 s",0.132,0.507,0.495,0.611,0.252,0.345,0.252,0.309,2016-17
"Rebound, 11-30 s",0.163,0.46299999999999997,0.29,0.513,0.38299999999999995,0.311,0.327,0.39799999999999996,2016-17
"Opp score, 0-10 s",0.085,0.42100000000000004,0.379,0.5660000000000001,0.35700000000000004,0.34,0.264,0.21600000000000003,2016-17
"Opp score, 11-30 s",0.40299999999999997,0.434,0.27899999999999997,0.49700000000000005,0.434,0.34700000000000003,0.287,0.337,2016-17
"Steal, 0-10 s",0.07,0.552,0.696,0.638,0.165,0.42100000000000004,0.139,0.188,2016-17
"Steal, 11-30 s",0.022000000000000002,0.473,0.37799999999999995,0.5,0.405,0.4,0.21600000000000003,0.375,2016-17
Transition,0.287,0.493,0.51,0.61,0.262,0.355,0.228,0.259,2016-17
