start_of_poss,percent_of_initial_attempts,e_fg_percent,percent_shots_at_rim,fg_percent_at_rim,percent_shots_2pt_jumpers,fg_percent_2pt_jumpers,percent_shots_3pt,fg_percent_3pt,season
"Rebound, 0-10 s",0.16899999999999998,0.47600000000000003,0.34600000000000003,0.505,0.213,0.27899999999999997,0.441,0.365,2019-20
"Rebound, 11-30 s",0.174,0.48,0.336,0.556,0.275,0.38299999999999995,0.39,0.322,2019-20
"Score, 0-10 s",0.053,0.606,0.42200000000000004,0.711,0.111,0.5,0.467,0.35700000000000004,2019-20
"Score, 11-30 s",0.41,0.46799999999999997,0.321,0.5379999999999999,0.287,0.322,0.392,0.34600000000000003,2019-20
"Steal, 0-10 s",0.040999999999999995,0.551,0.522,0.583,0.10099999999999999,0.28600000000000003,0.377,0.385,2019-20
"Steal, 11-30 s",0.025,0.45299999999999996,0.27899999999999997,0.5,0.27899999999999997,0.75,0.442,0.158,2019-20
Transition,0.263,0.513,0.389,0.5660000000000001,0.175,0.308,0.436,0.366,2019-20
