start_of_poss,percent_of_initial_attempts,e_fg_percent,percent_shots_at_rim,fg_percent_at_rim,percent_shots_2pt_jumpers,fg_percent_2pt_jumpers,percent_shots_3pt,fg_percent_3pt,season
"Rebound, 0-10 s",0.131,0.525,0.444,0.67,0.212,0.35700000000000004,0.34299999999999997,0.294,2011-12
"Rebound, 11-30 s",0.255,0.488,0.266,0.544,0.36200000000000004,0.39299999999999996,0.37200000000000005,0.361,2011-12
"Score, 0-10 s",0.044000000000000004,0.373,0.26899999999999996,0.444,0.19399999999999998,0.385,0.537,0.222,2011-12
"Score, 11-30 s",0.385,0.47100000000000003,0.182,0.5660000000000001,0.376,0.342,0.44299999999999995,0.36,2011-12
"Steal, 0-10 s",0.054000000000000006,0.7559999999999999,0.6709999999999999,0.818,0.146,0.667,0.183,0.4,2011-12
"Steal, 11-30 s",0.016,0.32,0.44,0.182,0.36,0.33299999999999996,0.2,0.4,2011-12
Transition,0.22899999999999998,0.55,0.46399999999999997,0.696,0.193,0.418,0.34299999999999997,0.28600000000000003,2011-12
