shot_type,percent_of_shots,fg_percent,percent_of_shots_blocked,unblocked_fg_percent,season
At Rim,0.33899999999999997,0.6940000000000001,0.049,0.73,2011-12
2pt Jumpers,0.272,0.36200000000000004,0.042,0.377,2011-12
3pt Shots,0.389,0.375,0,0.375,2011-12
