start_of_poss,percent_of_initial_attempts,e_fg_percent,percent_shots_at_rim,fg_percent_at_rim,percent_shots_2pt_jumpers,fg_percent_2pt_jumpers,percent_shots_3pt,fg_percent_3pt,season
"Rebound, 0-10 s",0.153,0.435,0.452,0.546,0.19699999999999998,0.319,0.35100000000000003,0.23800000000000002,2018-19
"Rebound, 11-30 s",0.237,0.435,0.325,0.5579999999999999,0.268,0.354,0.40700000000000003,0.26,2018-19
"Score, 0-10 s",0.057999999999999996,0.511,0.429,0.6920000000000001,0.17600000000000002,0.375,0.396,0.25,2018-19
"Score, 11-30 s",0.35700000000000004,0.5,0.386,0.5670000000000001,0.242,0.348,0.37200000000000005,0.353,2018-19
"Steal, 0-10 s",0.049,0.6779999999999999,0.763,0.69,0.053,0.25,0.184,0.5,2018-19
"Steal, 11-30 s",0.022000000000000002,0.32899999999999996,0.28600000000000003,0.4,0.4,0.214,0.314,0.273,2018-19
Transition,0.26,0.498,0.505,0.615,0.165,0.32799999999999996,0.33,0.26899999999999996,2018-19
