start_of_poss,percent_of_initial_attempts,e_fg_percent,percent_shots_at_rim,fg_percent_at_rim,percent_shots_2pt_jumpers,fg_percent_2pt_jumpers,percent_shots_3pt,fg_percent_3pt,season,team
"Rebound, 0-10 s",0.127,0.536,0.461,0.607,0.09300000000000001,0.5,0.446,0.314,2015-16,SaintFrancis(PA)
"Rebound, 11-30 s",0.223,0.484,0.3,0.539,0.29100000000000004,0.33299999999999996,0.409,0.36700000000000005,2015-16,SaintFrancis(PA)
"Score, 0-10 s",0.055999999999999994,0.45299999999999996,0.27899999999999997,0.542,0.233,0.4,0.488,0.28600000000000003,2015-16,SaintFrancis(PA)
"Score, 11-30 s",0.396,0.488,0.32299999999999995,0.5589999999999999,0.31,0.433,0.368,0.315,2015-16,SaintFrancis(PA)
"Steal, 0-10 s",0.06,0.6579999999999999,0.7070000000000001,0.754,0.022000000000000002,0.5,0.272,0.28,2015-16,SaintFrancis(PA)
"Steal, 11-30 s",0.026000000000000002,0.423,0.33299999999999996,0.615,0.256,0.4,0.41,0.188,2015-16,SaintFrancis(PA)
Transition,0.243,0.547,0.48,0.652,0.10800000000000001,0.45,0.41200000000000003,0.301,2015-16,SaintFrancis(PA)
