start_of_poss,percent_of_initial_attempts,e_fg_percent,percent_shots_at_rim,fg_percent_at_rim,percent_shots_2pt_jumpers,fg_percent_2pt_jumpers,percent_shots_3pt,fg_percent_3pt,season,team
"Rebound, 0-10 s",0.157,0.5760000000000001,0.318,0.768,0.23600000000000002,0.39299999999999996,0.446,0.35700000000000004,2019-20,BoiseSt.
"Rebound, 11-30 s",0.196,0.505,0.231,0.635,0.368,0.415,0.402,0.341,2019-20,BoiseSt.
"Score, 0-10 s",0.059000000000000004,0.593,0.34,0.848,0.175,0.41200000000000003,0.485,0.319,2019-20,BoiseSt.
"Score, 11-30 s",0.401,0.483,0.23600000000000002,0.677,0.376,0.405,0.38799999999999996,0.294,2019-20,BoiseSt.
"Steal, 0-10 s",0.040999999999999995,0.619,0.701,0.787,0.09,0,0.209,0.214,2019-20,BoiseSt.
"Steal, 11-30 s",0.019,0.387,0.19399999999999998,0.833,0.258,0.5,0.5479999999999999,0.11800000000000001,2019-20,BoiseSt.
Transition,0.257,0.586,0.384,0.79,0.19899999999999998,0.369,0.41700000000000004,0.335,2019-20,BoiseSt.
