start_of_poss,percent_of_initial_attempts,e_fg_percent,percent_shots_at_rim,fg_percent_at_rim,percent_shots_2pt_jumpers,fg_percent_2pt_jumpers,percent_shots_3pt,fg_percent_3pt,season,team
"Rebound, 0-10 s",0.127,0.466,0.44799999999999995,0.581,0.22899999999999998,0.25,0.32299999999999995,0.306,2013-14,Maine
"Rebound, 11-30 s",0.19,0.498,0.369,0.5660000000000001,0.345,0.354,0.28600000000000003,0.39,2013-14,Maine
"Opp score, 0-10 s",0.09300000000000001,0.46799999999999997,0.376,0.547,0.177,0.64,0.447,0.222,2013-14,Maine
"Opp score, 11-30 s",0.397,0.496,0.336,0.552,0.312,0.369,0.35200000000000004,0.37,2013-14,Maine
"Steal, 0-10 s",0.083,0.5720000000000001,0.672,0.679,0.136,0.41200000000000003,0.192,0.20800000000000002,2013-14,Maine
"Steal, 11-30 s",0.016,0.41700000000000004,0.5,0.583,0.20800000000000002,0,0.292,0.28600000000000003,2013-14,Maine
Transition,0.303,0.496,0.48700000000000004,0.61,0.188,0.395,0.325,0.255,2013-14,Maine
