start_of_poss,percent_of_initial_attempts,e_fg_percent,percent_shots_at_rim,fg_percent_at_rim,percent_shots_2pt_jumpers,fg_percent_2pt_jumpers,percent_shots_3pt,fg_percent_3pt,season,team
"Rebound, 0-10 s",0.131,0.45899999999999996,0.361,0.5539999999999999,0.151,0.452,0.488,0.26,2018-19,FresnoSt.
"Rebound, 11-30 s",0.24,0.46299999999999997,0.284,0.626,0.294,0.33299999999999996,0.42200000000000004,0.29600000000000004,2018-19,FresnoSt.
"Score, 0-10 s",0.049,0.604,0.40299999999999997,0.677,0.10400000000000001,0.375,0.494,0.395,2018-19,FresnoSt.
"Score, 11-30 s",0.386,0.435,0.271,0.555,0.32299999999999995,0.35200000000000004,0.406,0.28,2018-19,FresnoSt.
"Steal, 0-10 s",0.061,0.531,0.594,0.526,0.083,0,0.32299999999999995,0.452,2018-19,FresnoSt.
"Steal, 11-30 s",0.016,0.36,0.08,1,0.48,0.33299999999999996,0.44,0.182,2018-19,FresnoSt.
Transition,0.24100000000000002,0.507,0.429,0.568,0.124,0.36200000000000004,0.447,0.325,2018-19,FresnoSt.
