start_of_poss,percent_of_initial_attempts,e_fg_percent,percent_shots_at_rim,fg_percent_at_rim,percent_shots_2pt_jumpers,fg_percent_2pt_jumpers,percent_shots_3pt,fg_percent_3pt,season,team
"Rebound, 0-10 s",0.132,0.555,0.365,0.662,0.21,0.413,0.425,0.355,2018-19,TexasSt.
"Rebound, 11-30 s",0.22899999999999998,0.44299999999999995,0.306,0.595,0.251,0.316,0.44299999999999995,0.27399999999999997,2018-19,TexasSt.
"Opp score, 0-10 s",0.040999999999999995,0.493,0.382,0.5,0.191,0.308,0.426,0.379,2018-19,TexasSt.
"Opp score, 11-30 s",0.358,0.49700000000000005,0.28800000000000003,0.55,0.28800000000000003,0.374,0.423,0.363,2018-19,TexasSt.
"Steal, 0-10 s",0.073,0.5870000000000001,0.711,0.6859999999999999,0.099,0.5,0.19,0.174,2018-19,TexasSt.
"Steal, 11-30 s",0.021,0.47100000000000003,0.20600000000000002,0.28600000000000003,0.41200000000000003,0.35700000000000004,0.382,0.462,2018-19,TexasSt.
Transition,0.247,0.5539999999999999,0.47100000000000003,0.6509999999999999,0.174,0.408,0.355,0.331,2018-19,TexasSt.
