start_of_poss,percent_of_initial_attempts,e_fg_percent,percent_shots_at_rim,fg_percent_at_rim,percent_shots_2pt_jumpers,fg_percent_2pt_jumpers,percent_shots_3pt,fg_percent_3pt,season,team
"Rebound, 0-10 s",0.134,0.542,0.431,0.591,0.142,0.31,0.426,0.379,2018-19,Troy
"Rebound, 11-30 s",0.213,0.532,0.39799999999999996,0.55,0.222,0.431,0.38,0.382,2018-19,Troy
"Score, 0-10 s",0.049,0.507,0.43200000000000005,0.562,0.149,0.273,0.419,0.355,2018-19,Troy
"Score, 11-30 s",0.396,0.49700000000000005,0.348,0.46399999999999997,0.203,0.385,0.449,0.381,2018-19,Troy
"Steal, 0-10 s",0.063,0.563,0.695,0.636,0.042,0.25,0.263,0.28,2018-19,Troy
"Steal, 11-30 s",0.016,0.583,0.41700000000000004,0.6,0.25,0.33299999999999996,0.33299999999999996,0.5,2018-19,Troy
Transition,0.24600000000000002,0.54,0.499,0.602,0.11800000000000001,0.295,0.38299999999999995,0.35700000000000004,2018-19,Troy
