start_of_poss,percent_of_initial_attempts,e_fg_percent,percent_shots_at_rim,fg_percent_at_rim,percent_shots_2pt_jumpers,fg_percent_2pt_jumpers,percent_shots_3pt,fg_percent_3pt,season
"Rebound, 0-10 s",0.129,0.521,0.473,0.562,0.131,0.452,0.397,0.33,2016-17
"Rebound, 11-30 s",0.196,0.46399999999999997,0.303,0.385,0.358,0.434,0.33899999999999997,0.377,2016-17
"Score, 0-10 s",0.051,0.441,0.366,0.5,0.172,0.188,0.462,0.326,2016-17
"Score, 11-30 s",0.389,0.473,0.318,0.52,0.32899999999999996,0.387,0.353,0.341,2016-17
"Steal, 0-10 s",0.086,0.693,0.7090000000000001,0.759,0.08900000000000001,0.5710000000000001,0.203,0.344,2016-17
"Steal, 11-30 s",0.024,0.545,0.25,0.545,0.341,0.4,0.409,0.444,2016-17
Transition,0.266,0.561,0.529,0.64,0.125,0.41,0.34600000000000003,0.331,2016-17
