start_of_poss,percent_of_initial_attempts,e_fg_percent,percent_shots_at_rim,fg_percent_at_rim,percent_shots_2pt_jumpers,fg_percent_2pt_jumpers,percent_shots_3pt,fg_percent_3pt,season
"Rebound, 0-10 s",0.155,0.562,0.4,0.604,0.14300000000000002,0.42100000000000004,0.457,0.38,2017-18
"Rebound, 11-30 s",0.195,0.435,0.265,0.534,0.32799999999999996,0.385,0.40700000000000003,0.27399999999999997,2017-18
"Score, 0-10 s",0.065,0.45899999999999996,0.373,0.585,0.209,0.304,0.418,0.28300000000000003,2017-18
"Score, 11-30 s",0.397,0.445,0.239,0.488,0.32799999999999996,0.33799999999999997,0.433,0.33399999999999996,2017-18
"Steal, 0-10 s",0.073,0.645,0.613,0.6579999999999999,0.08900000000000001,0.273,0.298,0.486,2017-18
"Steal, 11-30 s",0.019,0.406,0.344,0.455,0.25,0.25,0.406,0.308,2017-18
Transition,0.293,0.56,0.447,0.619,0.14400000000000002,0.361,0.409,0.377,2017-18
