start_of_poss,percent_of_initial_attempts,e_fg_percent,percent_shots_at_rim,fg_percent_at_rim,percent_shots_2pt_jumpers,fg_percent_2pt_jumpers,percent_shots_3pt,fg_percent_3pt,season
"Rebound, 0-10 s",0.23600000000000002,0.563,0.467,0.5539999999999999,0.174,0.514,0.358,0.39899999999999997,2019-20
"Rebound, 11-30 s",0.158,0.583,0.325,0.6,0.354,0.37799999999999995,0.321,0.528,2019-20
"Opp score, 0-10 s",0.079,0.5720000000000001,0.5539999999999999,0.688,0.158,0.455,0.28800000000000003,0.275,2019-20
"Opp score, 11-30 s",0.335,0.569,0.41100000000000003,0.66,0.261,0.43799999999999994,0.32899999999999996,0.373,2019-20
"Steal, 0-10 s",0.052000000000000005,0.703,0.758,0.797,0.044000000000000004,0,0.198,0.33299999999999996,2019-20
"Steal, 11-30 s",0.018000000000000002,0.6940000000000001,0.355,0.727,0.161,0.6,0.484,0.467,2019-20
Transition,0.36700000000000005,0.585,0.527,0.634,0.152,0.48,0.32,0.369,2019-20
