start_of_poss,percent_of_initial_attempts,e_fg_percent,percent_shots_at_rim,fg_percent_at_rim,percent_shots_2pt_jumpers,fg_percent_2pt_jumpers,percent_shots_3pt,fg_percent_3pt,season
"Rebound, 0-10 s",0.19,0.519,0.389,0.634,0.095,0.43799999999999994,0.516,0.299,2018-19
"Rebound, 11-30 s",0.19899999999999998,0.449,0.348,0.512,0.17600000000000002,0.355,0.47600000000000003,0.292,2018-19
"Opp score, 0-10 s",0.048,0.753,0.48200000000000004,0.805,0.047,0.25,0.47100000000000003,0.5,2018-19
"Opp score, 11-30 s",0.35700000000000004,0.539,0.32299999999999995,0.629,0.159,0.366,0.517,0.35700000000000004,2018-19
"Steal, 0-10 s",0.036000000000000004,0.659,0.7140000000000001,0.733,0.048,0.33299999999999996,0.23800000000000002,0.33299999999999996,2018-19
"Steal, 11-30 s",0.026000000000000002,0.565,0.152,0.5710000000000001,0.239,0.636,0.609,0.35700000000000004,2018-19
Transition,0.273,0.578,0.447,0.687,0.08,0.41,0.47200000000000003,0.336,2018-19
