start_of_poss,percent_of_initial_attempts,e_fg_percent,percent_shots_at_rim,fg_percent_at_rim,percent_shots_2pt_jumpers,fg_percent_2pt_jumpers,percent_shots_3pt,fg_percent_3pt,season
"Rebound, 0-10 s",0.11599999999999999,0.562,0.457,0.7020000000000001,0.152,0.35700000000000004,0.391,0.319,2013-14
"Rebound, 11-30 s",0.19899999999999998,0.42700000000000005,0.278,0.58,0.37200000000000005,0.297,0.35,0.297,2013-14
"Score, 0-10 s",0.063,0.435,0.37,0.568,0.15,0.2,0.48,0.271,2013-14
"Score, 11-30 s",0.409,0.49200000000000005,0.22899999999999998,0.544,0.39399999999999996,0.36200000000000004,0.377,0.39799999999999996,2013-14
"Steal, 0-10 s",0.057999999999999996,0.672,0.677,0.73,0.14,0.6920000000000001,0.183,0.294,2013-14
"Steal, 11-30 s",0.026000000000000002,0.44,0.214,0.444,0.452,0.368,0.33299999999999996,0.35700000000000004,2013-14
Transition,0.237,0.556,0.488,0.685,0.149,0.39299999999999996,0.363,0.299,2013-14
