start_of_poss,percent_of_initial_attempts,e_fg_percent,percent_shots_at_rim,fg_percent_at_rim,percent_shots_2pt_jumpers,fg_percent_2pt_jumpers,percent_shots_3pt,fg_percent_3pt,season
"Rebound, 0-10 s",0.14300000000000002,0.596,0.484,0.67,0.124,0.35700000000000004,0.391,0.386,2017-18
"Rebound, 11-30 s",0.192,0.47,0.312,0.5,0.299,0.433,0.389,0.316,2017-18
"Score, 0-10 s",0.059000000000000004,0.425,0.32299999999999995,0.5329999999999999,0.075,0.14300000000000002,0.602,0.268,2017-18
"Score, 11-30 s",0.39799999999999996,0.48,0.326,0.525,0.251,0.389,0.42200000000000004,0.33299999999999996,2017-18
"Steal, 0-10 s",0.069,0.693,0.679,0.743,0.064,0.14300000000000002,0.257,0.46399999999999997,2017-18
"Steal, 11-30 s",0.013999999999999999,0.205,0.182,0,0.318,0,0.5,0.273,2017-18
Transition,0.272,0.583,0.499,0.6759999999999999,0.098,0.28600000000000003,0.40299999999999997,0.36,2017-18
