start_of_poss,percent_of_initial_attempts,e_fg_percent,percent_shots_at_rim,fg_percent_at_rim,percent_shots_2pt_jumpers,fg_percent_2pt_jumpers,percent_shots_3pt,fg_percent_3pt,season,team
"Rebound, 0-10 s",0.10099999999999999,0.507,0.43,0.594,0.248,0.243,0.322,0.396,2014-15,Col.ofCharleston
"Rebound, 11-30 s",0.25,0.45399999999999996,0.233,0.512,0.40700000000000003,0.353,0.36,0.353,2014-15,Col.ofCharleston
"Opp score, 0-10 s",0.040999999999999995,0.467,0.311,0.684,0.16399999999999998,0.2,0.525,0.281,2014-15,Col.ofCharleston
"Opp score, 11-30 s",0.40700000000000003,0.44799999999999995,0.258,0.516,0.366,0.327,0.376,0.345,2014-15,Col.ofCharleston
"Steal, 0-10 s",0.06,0.382,0.584,0.48100000000000004,0.213,0.158,0.20199999999999999,0.222,2014-15,Col.ofCharleston
"Steal, 11-30 s",0.033,0.439,0.184,0.556,0.469,0.261,0.34700000000000003,0.41200000000000003,2014-15,Col.ofCharleston
Transition,0.203,0.462,0.452,0.563,0.221,0.212,0.32799999999999996,0.327,2014-15,Col.ofCharleston
