start_of_poss,percent_of_initial_attempts,e_fg_percent,percent_shots_at_rim,fg_percent_at_rim,percent_shots_2pt_jumpers,fg_percent_2pt_jumpers,percent_shots_3pt,fg_percent_3pt,season
"Rebound, 0-10 s",0.11,0.527,0.439,0.611,0.10400000000000001,0.294,0.457,0.33299999999999996,2015-16
"Rebound, 11-30 s",0.22899999999999998,0.5,0.33799999999999997,0.629,0.245,0.33299999999999996,0.41700000000000004,0.32899999999999996,2015-16
"Opp score, 0-10 s",0.045,0.507,0.265,0.611,0.147,0.4,0.588,0.325,2015-16
"Opp score, 11-30 s",0.41200000000000003,0.502,0.304,0.631,0.268,0.376,0.429,0.326,2015-16
"Steal, 0-10 s",0.064,0.642,0.716,0.735,0.095,0.222,0.18899999999999997,0.33299999999999996,2015-16
"Steal, 11-30 s",0.035,0.5379999999999999,0.18899999999999997,0.8,0.18899999999999997,0.1,0.623,0.39399999999999996,2015-16
Transition,0.21899999999999997,0.557,0.483,0.665,0.11,0.306,0.40700000000000003,0.331,2015-16
