start_of_poss,percent_of_initial_attempts,e_fg_percent,percent_shots_at_rim,fg_percent_at_rim,percent_shots_2pt_jumpers,fg_percent_2pt_jumpers,percent_shots_3pt,fg_percent_3pt,season,team
"Rebound, 0-10 s",0.128,0.546,0.413,0.6629999999999999,0.21600000000000003,0.35600000000000004,0.37,0.35100000000000003,2011-12,Marshall
"Rebound, 11-30 s",0.195,0.409,0.299,0.526,0.387,0.33299999999999996,0.314,0.26,2011-12,Marshall
"Score, 0-10 s",0.06,0.418,0.381,0.622,0.34,0.303,0.278,0.185,2011-12,Marshall
"Score, 11-30 s",0.396,0.502,0.295,0.605,0.389,0.39,0.316,0.363,2011-12,Marshall
"Steal, 0-10 s",0.07400000000000001,0.636,0.6609999999999999,0.725,0.165,0.5,0.174,0.28600000000000003,2011-12,Marshall
"Steal, 11-30 s",0.025,0.524,0.366,0.6,0.415,0.47100000000000003,0.22,0.33299999999999996,2011-12,Marshall
Transition,0.261,0.542,0.47700000000000004,0.68,0.23,0.36700000000000005,0.293,0.304,2011-12,Marshall
