start_of_poss,percent_of_initial_attempts,e_fg_percent,percent_shots_at_rim,fg_percent_at_rim,percent_shots_2pt_jumpers,fg_percent_2pt_jumpers,percent_shots_3pt,fg_percent_3pt,season,team
"Rebound, 0-10 s",0.09699999999999999,0.53,0.34600000000000003,0.688,0.23199999999999998,0.349,0.42200000000000004,0.33299999999999996,2016-17,Samford
"Rebound, 11-30 s",0.218,0.43799999999999994,0.18,0.547,0.381,0.409,0.439,0.27899999999999997,2016-17,Samford
"Score, 0-10 s",0.067,0.469,0.289,0.541,0.305,0.33299999999999996,0.406,0.34600000000000003,2016-17,Samford
"Score, 11-30 s",0.396,0.48,0.21899999999999997,0.633,0.32299999999999995,0.322,0.45799999999999996,0.34600000000000003,2016-17,Samford
"Steal, 0-10 s",0.075,0.563,0.636,0.6809999999999999,0.11900000000000001,0.294,0.245,0.257,2016-17,Samford
"Steal, 11-30 s",0.026000000000000002,0.51,0.204,0.6,0.429,0.47600000000000003,0.36700000000000005,0.33299999999999996,2016-17,Samford
Transition,0.23800000000000002,0.523,0.42100000000000004,0.6559999999999999,0.217,0.33299999999999996,0.36200000000000004,0.321,2016-17,Samford
