start_of_poss,percent_of_initial_attempts,e_fg_percent,percent_shots_at_rim,fg_percent_at_rim,percent_shots_2pt_jumpers,fg_percent_2pt_jumpers,percent_shots_3pt,fg_percent_3pt,season,team
"Rebound, 0-10 s",0.151,0.598,0.374,0.611,0.28300000000000003,0.431,0.34299999999999997,0.483,2015-16,Arizona
"Rebound, 11-30 s",0.244,0.556,0.311,0.68,0.37,0.447,0.319,0.374,2015-16,Arizona
"Opp score, 0-10 s",0.048,0.594,0.275,0.682,0.36200000000000004,0.44799999999999995,0.36200000000000004,0.44799999999999995,2015-16,Arizona
"Opp score, 11-30 s",0.37799999999999995,0.505,0.292,0.613,0.37200000000000005,0.363,0.336,0.379,2015-16,Arizona
"Steal, 0-10 s",0.049,0.602,0.675,0.768,0.18100000000000002,0.267,0.145,0.16699999999999998,2015-16,Arizona
"Steal, 11-30 s",0.021,0.431,0.25,0.33299999999999996,0.444,0.5,0.306,0.273,2015-16,Arizona
Transition,0.248,0.598,0.415,0.6709999999999999,0.278,0.414,0.307,0.445,2015-16,Arizona
