start_of_poss,percent_of_initial_attempts,e_fg_percent,percent_shots_at_rim,fg_percent_at_rim,percent_shots_2pt_jumpers,fg_percent_2pt_jumpers,percent_shots_3pt,fg_percent_3pt,season,team
"Rebound, 0-10 s",0.161,0.473,0.368,0.544,0.179,0.36,0.45399999999999996,0.307,2019-20,SouthDakotaSt.
"Rebound, 11-30 s",0.159,0.397,0.33899999999999997,0.447,0.271,0.34700000000000003,0.39,0.259,2019-20,SouthDakotaSt.
"Score, 0-10 s",0.061,0.645,0.439,0.787,0.159,0.47100000000000003,0.402,0.37200000000000005,2019-20,SouthDakotaSt.
"Score, 11-30 s",0.42100000000000004,0.474,0.28800000000000003,0.578,0.305,0.377,0.40700000000000003,0.315,2019-20,SouthDakotaSt.
"Steal, 0-10 s",0.039,0.544,0.603,0.634,0.08800000000000001,0.33299999999999996,0.309,0.28600000000000003,2019-20,SouthDakotaSt.
"Steal, 11-30 s",0.025,0.547,0.27899999999999997,0.583,0.233,0.3,0.488,0.429,2019-20,SouthDakotaSt.
Transition,0.261,0.524,0.42,0.623,0.16,0.384,0.42,0.319,2019-20,SouthDakotaSt.
