start_of_poss,percent_of_initial_attempts,e_fg_percent,percent_shots_at_rim,fg_percent_at_rim,percent_shots_2pt_jumpers,fg_percent_2pt_jumpers,percent_shots_3pt,fg_percent_3pt,season,team
"Rebound, 0-10 s",0.14800000000000002,0.614,0.43799999999999994,0.667,0.23600000000000002,0.491,0.326,0.42100000000000004,2013-14,FloridaSt.
"Rebound, 11-30 s",0.20800000000000002,0.466,0.293,0.542,0.384,0.42100000000000004,0.32299999999999995,0.302,2013-14,FloridaSt.
"Opp score, 0-10 s",0.044000000000000004,0.46399999999999997,0.406,0.536,0.348,0.45799999999999996,0.24600000000000002,0.235,2013-14,FloridaSt.
"Opp score, 11-30 s",0.384,0.49700000000000005,0.32799999999999996,0.54,0.387,0.363,0.285,0.419,2013-14,FloridaSt.
"Steal, 0-10 s",0.071,0.667,0.757,0.679,0.126,0.5710000000000001,0.11699999999999999,0.462,2013-14,FloridaSt.
"Steal, 11-30 s",0.02,0.45299999999999996,0.312,0.7,0.43799999999999994,0.214,0.25,0.375,2013-14,FloridaSt.
Transition,0.262,0.603,0.518,0.654,0.225,0.495,0.257,0.396,2013-14,FloridaSt.
