start_of_poss,percent_of_initial_attempts,e_fg_percent,percent_shots_at_rim,fg_percent_at_rim,percent_shots_2pt_jumpers,fg_percent_2pt_jumpers,percent_shots_3pt,fg_percent_3pt,season,team
"Rebound, 0-10 s",0.11199999999999999,0.485,0.47100000000000003,0.5379999999999999,0.182,0.355,0.34700000000000003,0.322,2014-15,Samford
"Rebound, 11-30 s",0.195,0.446,0.297,0.5,0.358,0.321,0.345,0.353,2014-15,Samford
"Opp score, 0-10 s",0.052000000000000005,0.639,0.354,0.75,0.253,0.5,0.392,0.419,2014-15,Samford
"Opp score, 11-30 s",0.405,0.496,0.312,0.542,0.312,0.42200000000000004,0.376,0.34600000000000003,2014-15,Samford
"Steal, 0-10 s",0.086,0.5539999999999999,0.715,0.602,0.077,0.4,0.20800000000000002,0.29600000000000004,2014-15,Samford
"Steal, 11-30 s",0.027999999999999997,0.488,0.465,0.6,0.14,0.5,0.395,0.235,2014-15,Samford
Transition,0.25,0.541,0.53,0.597,0.161,0.41,0.309,0.342,2014-15,Samford
