start_of_poss,percent_of_initial_attempts,e_fg_percent,percent_shots_at_rim,fg_percent_at_rim,percent_shots_2pt_jumpers,fg_percent_2pt_jumpers,percent_shots_3pt,fg_percent_3pt,season
"Rebound, 0-10 s",0.138,0.5589999999999999,0.504,0.625,0.193,0.413,0.303,0.361,2015-16
"Rebound, 11-30 s",0.187,0.457,0.406,0.55,0.303,0.418,0.29100000000000004,0.245,2015-16
"Score, 0-10 s",0.085,0.5920000000000001,0.381,0.625,0.252,0.514,0.36700000000000005,0.40700000000000003,2015-16
"Score, 11-30 s",0.41,0.517,0.368,0.546,0.332,0.409,0.3,0.401,2015-16
"Steal, 0-10 s",0.062,0.696,0.785,0.7859999999999999,0.131,0.28600000000000003,0.084,0.33299999999999996,2015-16
"Steal, 11-30 s",0.02,0.5429999999999999,0.34299999999999997,0.583,0.4,0.429,0.257,0.444,2015-16
Transition,0.28600000000000003,0.599,0.528,0.677,0.19699999999999998,0.433,0.27399999999999997,0.37799999999999995,2015-16
