start_of_poss,percent_of_initial_attempts,e_fg_percent,percent_shots_at_rim,fg_percent_at_rim,percent_shots_2pt_jumpers,fg_percent_2pt_jumpers,percent_shots_3pt,fg_percent_3pt,season,team
"Rebound, 0-10 s",0.11699999999999999,0.557,0.39299999999999996,0.545,0.125,0.524,0.48200000000000004,0.38299999999999995,2017-18,MoreheadSt.
"Rebound, 11-30 s",0.23199999999999998,0.506,0.345,0.652,0.21,0.28600000000000003,0.444,0.331,2017-18,MoreheadSt.
"Score, 0-10 s",0.044000000000000004,0.49200000000000005,0.317,0.65,0.175,0.545,0.508,0.25,2017-18,MoreheadSt.
"Score, 11-30 s",0.361,0.536,0.355,0.636,0.22399999999999998,0.379,0.42200000000000004,0.35600000000000004,2017-18,MoreheadSt.
"Steal, 0-10 s",0.07,0.575,0.71,0.634,0.07,0.28600000000000003,0.22,0.318,2017-18,MoreheadSt.
"Steal, 11-30 s",0.028999999999999998,0.585,0.317,0.615,0.22,0.444,0.46299999999999997,0.42100000000000004,2017-18,MoreheadSt.
Transition,0.231,0.55,0.474,0.599,0.11800000000000001,0.48700000000000004,0.408,0.341,2017-18,MoreheadSt.
