start_of_poss,percent_of_initial_attempts,e_fg_percent,percent_shots_at_rim,fg_percent_at_rim,percent_shots_2pt_jumpers,fg_percent_2pt_jumpers,percent_shots_3pt,fg_percent_3pt,season,team
"Rebound, 0-10 s",0.124,0.546,0.462,0.635,0.183,0.237,0.35600000000000004,0.392,2011-12,Iona
"Rebound, 11-30 s",0.184,0.508,0.281,0.54,0.32899999999999996,0.392,0.39,0.38799999999999996,2011-12,Iona
"Score, 0-10 s",0.069,0.479,0.35,0.512,0.239,0.39299999999999996,0.41,0.33299999999999996,2011-12,Iona
"Score, 11-30 s",0.425,0.49,0.35,0.552,0.271,0.376,0.379,0.34299999999999997,2011-12,Iona
"Steal, 0-10 s",0.064,0.616,0.657,0.662,0.17600000000000002,0.474,0.16699999999999998,0.389,2011-12,Iona
"Steal, 11-30 s",0.02,0.515,0.364,0.41700000000000004,0.182,0.5,0.455,0.4,2011-12,Iona
Transition,0.257,0.545,0.48,0.62,0.196,0.341,0.32299999999999995,0.371,2011-12,Iona
