start_of_poss,percent_of_initial_attempts,e_fg_percent,percent_shots_at_rim,fg_percent_at_rim,percent_shots_2pt_jumpers,fg_percent_2pt_jumpers,percent_shots_3pt,fg_percent_3pt,season,team
"Rebound, 0-10 s",0.215,0.45399999999999996,0.47600000000000003,0.605,0.16699999999999998,0.27399999999999997,0.358,0.226,2018-19,Indiana
"Rebound, 11-30 s",0.17,0.512,0.35700000000000004,0.581,0.299,0.386,0.344,0.366,2018-19,Indiana
"Opp score, 0-10 s",0.044000000000000004,0.6509999999999999,0.461,0.7709999999999999,0.11800000000000001,0.33299999999999996,0.42100000000000004,0.406,2018-19,Indiana
"Opp score, 11-30 s",0.382,0.493,0.366,0.583,0.25,0.321,0.384,0.34600000000000003,2018-19,Indiana
"Steal, 0-10 s",0.04,0.636,0.657,0.7609999999999999,0.2,0.35700000000000004,0.14300000000000002,0.3,2018-19,Indiana
"Steal, 11-30 s",0.022000000000000002,0.42100000000000004,0.316,0.75,0.289,0.364,0.395,0.133,2018-19,Indiana
Transition,0.299,0.508,0.498,0.655,0.16399999999999998,0.294,0.33799999999999997,0.263,2018-19,Indiana
