start_of_poss,percent_of_initial_attempts,e_fg_percent,percent_shots_at_rim,fg_percent_at_rim,percent_shots_2pt_jumpers,fg_percent_2pt_jumpers,percent_shots_3pt,fg_percent_3pt,season,team
"Rebound, 0-10 s",0.19899999999999998,0.64,0.46,0.755,0.201,0.5,0.33799999999999997,0.37799999999999995,2019-20,HoustonBaptist
"Rebound, 11-30 s",0.133,0.55,0.365,0.7,0.32,0.34299999999999997,0.315,0.391,2019-20,HoustonBaptist
"Score, 0-10 s",0.07200000000000001,0.623,0.45799999999999996,0.815,0.18600000000000003,0.455,0.35600000000000004,0.31,2019-20,HoustonBaptist
"Score, 11-30 s",0.36200000000000004,0.529,0.299,0.573,0.304,0.44799999999999995,0.39799999999999996,0.371,2019-20,HoustonBaptist
"Steal, 0-10 s",0.048,0.677,0.62,0.7759999999999999,0.127,0.2,0.253,0.45,2019-20,HoustonBaptist
"Steal, 11-30 s",0.019,0.688,0.406,0.615,0.188,0.33299999999999996,0.406,0.615,2019-20,HoustonBaptist
Transition,0.319,0.642,0.484,0.772,0.187,0.45899999999999996,0.33,0.37,2019-20,HoustonBaptist
