start_of_poss,percent_of_initial_attempts,e_fg_percent,percent_shots_at_rim,fg_percent_at_rim,percent_shots_2pt_jumpers,fg_percent_2pt_jumpers,percent_shots_3pt,fg_percent_3pt,season
"Rebound, 0-10 s",0.126,0.512,0.27899999999999997,0.617,0.21899999999999997,0.46799999999999997,0.502,0.315,2015-16
"Rebound, 11-30 s",0.23399999999999999,0.461,0.242,0.5770000000000001,0.355,0.366,0.402,0.317,2015-16
"Score, 0-10 s",0.066,0.376,0.345,0.615,0.248,0.28600000000000003,0.40700000000000003,0.152,2015-16
"Score, 11-30 s",0.387,0.49700000000000005,0.22699999999999998,0.547,0.313,0.35700000000000004,0.46,0.37799999999999995,2015-16
"Steal, 0-10 s",0.05,0.682,0.718,0.738,0.106,0.444,0.17600000000000002,0.4,2015-16
"Steal, 11-30 s",0.021,0.556,0.444,0.43799999999999994,0.25,0.444,0.306,0.545,2015-16
Transition,0.242,0.51,0.387,0.662,0.203,0.405,0.409,0.278,2015-16
