start_of_poss,percent_of_initial_attempts,e_fg_percent,percent_shots_at_rim,fg_percent_at_rim,percent_shots_2pt_jumpers,fg_percent_2pt_jumpers,percent_shots_3pt,fg_percent_3pt,season
"Rebound, 0-10 s",0.14800000000000002,0.54,0.361,0.593,0.17600000000000002,0.452,0.462,0.355,2018-19
"Rebound, 11-30 s",0.19399999999999998,0.46,0.33,0.67,0.231,0.222,0.439,0.285,2018-19
"Opp score, 0-10 s",0.037000000000000005,0.45,0.317,0.632,0.183,0.545,0.5,0.2,2018-19
"Opp score, 11-30 s",0.40700000000000003,0.498,0.266,0.586,0.281,0.364,0.45299999999999996,0.354,2018-19
"Steal, 0-10 s",0.048,0.727,0.688,0.83,0.078,0.5,0.23399999999999999,0.33299999999999996,2018-19
"Steal, 11-30 s",0.019,0.387,0.29,0.444,0.32299999999999995,0.5,0.387,0.16699999999999998,2018-19
Transition,0.233,0.564,0.42100000000000004,0.677,0.157,0.475,0.42100000000000004,0.32299999999999995,2018-19
