start_of_poss,percent_of_initial_attempts,e_fg_percent,percent_shots_at_rim,fg_percent_at_rim,percent_shots_2pt_jumpers,fg_percent_2pt_jumpers,percent_shots_3pt,fg_percent_3pt,season
"Rebound, 0-10 s",0.114,0.406,0.387,0.5,0.19899999999999998,0.297,0.414,0.247,2015-16
"Rebound, 11-30 s",0.22699999999999998,0.401,0.244,0.5,0.293,0.34299999999999997,0.46299999999999997,0.257,2015-16
"Score, 0-10 s",0.068,0.45,0.282,0.581,0.16399999999999998,0.5,0.555,0.24600000000000002,2015-16
"Score, 11-30 s",0.395,0.45,0.22399999999999998,0.611,0.303,0.287,0.473,0.319,2015-16
"Steal, 0-10 s",0.054000000000000006,0.619,0.682,0.65,0.091,0.625,0.22699999999999998,0.35,2015-16
"Steal, 11-30 s",0.025,0.475,0.2,0.25,0.325,0.385,0.475,0.42100000000000004,2015-16
Transition,0.23600000000000002,0.467,0.424,0.5710000000000001,0.16399999999999998,0.397,0.41100000000000003,0.259,2015-16
