start_of_poss,percent_of_initial_attempts,e_fg_percent,percent_shots_at_rim,fg_percent_at_rim,percent_shots_2pt_jumpers,fg_percent_2pt_jumpers,percent_shots_3pt,fg_percent_3pt,season,team
"Rebound, 0-10 s",0.092,0.575,0.451,0.583,0.21100000000000002,0.35700000000000004,0.33799999999999997,0.467,2014-15,WeberSt.
"Rebound, 11-30 s",0.245,0.424,0.373,0.424,0.36200000000000004,0.312,0.266,0.38299999999999995,2014-15,WeberSt.
"Score, 0-10 s",0.052000000000000005,0.48,0.387,0.517,0.17300000000000001,0.462,0.44,0.303,2014-15,WeberSt.
"Score, 11-30 s",0.369,0.456,0.359,0.545,0.355,0.36,0.28600000000000003,0.309,2014-15,WeberSt.
"Steal, 0-10 s",0.075,0.657,0.713,0.701,0.065,0.28600000000000003,0.222,0.41700000000000004,2014-15,WeberSt.
"Steal, 11-30 s",0.027000000000000003,0.41,0.41,0.5,0.359,0.35700000000000004,0.231,0.222,2014-15,WeberSt.
Transition,0.21899999999999997,0.581,0.525,0.627,0.152,0.375,0.32299999999999995,0.402,2014-15,WeberSt.
