start_of_poss,percent_of_initial_attempts,e_fg_percent,percent_shots_at_rim,fg_percent_at_rim,percent_shots_2pt_jumpers,fg_percent_2pt_jumpers,percent_shots_3pt,fg_percent_3pt,season,team
"Rebound, 0-10 s",0.11599999999999999,0.546,0.546,0.6629999999999999,0.19699999999999998,0.33299999999999996,0.257,0.308,2015-16,AlabamaA&M
"Rebound, 11-30 s",0.23199999999999998,0.449,0.304,0.5329999999999999,0.327,0.424,0.37,0.268,2015-16,AlabamaA&M
"Score, 0-10 s",0.052000000000000005,0.478,0.426,0.655,0.294,0.3,0.27899999999999997,0.263,2015-16,AlabamaA&M
"Score, 11-30 s",0.4,0.493,0.293,0.575,0.304,0.39,0.40299999999999997,0.341,2015-16,AlabamaA&M
"Steal, 0-10 s",0.061,0.631,0.7120000000000001,0.807,0.125,0.3,0.162,0.077,2015-16,AlabamaA&M
"Steal, 11-30 s",0.027999999999999997,0.311,0.297,0.455,0.21600000000000003,0.25,0.486,0.16699999999999998,2015-16,AlabamaA&M
Transition,0.22899999999999998,0.5529999999999999,0.563,0.71,0.2,0.317,0.237,0.254,2015-16,AlabamaA&M
