start_of_poss,percent_of_initial_attempts,e_fg_percent,percent_shots_at_rim,fg_percent_at_rim,percent_shots_2pt_jumpers,fg_percent_2pt_jumpers,percent_shots_3pt,fg_percent_3pt,season
"Rebound, 0-10 s",0.135,0.5579999999999999,0.408,0.615,0.141,0.33299999999999996,0.45,0.384,2014-15
"Rebound, 11-30 s",0.212,0.513,0.256,0.623,0.299,0.3,0.445,0.396,2014-15
"Score, 0-10 s",0.052000000000000005,0.562,0.32899999999999996,0.583,0.17800000000000002,0.6920000000000001,0.493,0.33299999999999996,2014-15
"Score, 11-30 s",0.369,0.49700000000000005,0.304,0.528,0.281,0.32,0.415,0.396,2014-15
"Steal, 0-10 s",0.083,0.657,0.703,0.6509999999999999,0.127,0.667,0.16899999999999998,0.45,2014-15
"Steal, 11-30 s",0.032,0.522,0.37799999999999995,0.47100000000000003,0.244,0.455,0.37799999999999995,0.41200000000000003,2014-15
Transition,0.27,0.589,0.484,0.627,0.14400000000000002,0.509,0.37200000000000005,0.38,2014-15
