start_of_poss,percent_of_initial_attempts,e_fg_percent,percent_shots_at_rim,fg_percent_at_rim,percent_shots_2pt_jumpers,fg_percent_2pt_jumpers,percent_shots_3pt,fg_percent_3pt,season,team
"Rebound, 0-10 s",0.102,0.504,0.518,0.5,0.187,0.5,0.295,0.341,2014-15,LMU(CA)
"Rebound, 11-30 s",0.222,0.48700000000000004,0.23199999999999998,0.514,0.44,0.361,0.32799999999999996,0.424,2014-15,LMU(CA)
"Opp score, 0-10 s",0.040999999999999995,0.312,0.321,0.5,0.28600000000000003,0.25,0.39299999999999996,0.136,2014-15,LMU(CA)
"Opp score, 11-30 s",0.43,0.44,0.24600000000000002,0.5,0.436,0.369,0.318,0.32799999999999996,2014-15,LMU(CA)
"Steal, 0-10 s",0.069,0.585,0.6809999999999999,0.703,0.18100000000000002,0.235,0.138,0.308,2014-15,LMU(CA)
"Steal, 11-30 s",0.034,0.293,0.304,0.35700000000000004,0.5,0.174,0.196,0.33299999999999996,2014-15,LMU(CA)
Transition,0.212,0.493,0.5329999999999999,0.584,0.204,0.35600000000000004,0.263,0.276,2014-15,LMU(CA)
