start_of_poss,percent_of_initial_attempts,e_fg_percent,percent_shots_at_rim,fg_percent_at_rim,percent_shots_2pt_jumpers,fg_percent_2pt_jumpers,percent_shots_3pt,fg_percent_3pt,season,team
"Rebound, 0-10 s",0.121,0.498,0.35600000000000004,0.688,0.29600000000000004,0.266,0.34700000000000003,0.33299999999999996,2012-13,Evansville
"Rebound, 11-30 s",0.21899999999999997,0.542,0.23600000000000002,0.63,0.441,0.465,0.32299999999999995,0.389,2012-13,Evansville
"Opp score, 0-10 s",0.052000000000000005,0.484,0.258,0.583,0.376,0.457,0.366,0.294,2012-13,Evansville
"Opp score, 11-30 s",0.376,0.44799999999999995,0.213,0.573,0.518,0.326,0.26899999999999996,0.389,2012-13,Evansville
"Steal, 0-10 s",0.055,0.536,0.531,0.6920000000000001,0.265,0.231,0.204,0.35,2012-13,Evansville
"Steal, 11-30 s",0.027000000000000003,0.449,0.163,0.625,0.469,0.348,0.36700000000000005,0.33299999999999996,2012-13,Evansville
Transition,0.228,0.504,0.376,0.6729999999999999,0.307,0.312,0.317,0.326,2012-13,Evansville
