start_of_poss,percent_of_initial_attempts,e_fg_percent,percent_shots_at_rim,fg_percent_at_rim,percent_shots_2pt_jumpers,fg_percent_2pt_jumpers,percent_shots_3pt,fg_percent_3pt,season,team
"Rebound, 0-10 s",0.122,0.522,0.32,0.652,0.233,0.43799999999999994,0.447,0.315,2012-13,Miami(FL)
"Rebound, 11-30 s",0.271,0.43799999999999994,0.242,0.486,0.41,0.335,0.349,0.35,2012-13,Miami(FL)
"Opp score, 0-10 s",0.02,0.75,0.5,0.882,0.17600000000000002,0.5,0.324,0.455,2012-13,Miami(FL)
"Opp score, 11-30 s",0.387,0.531,0.243,0.616,0.34700000000000003,0.419,0.41100000000000003,0.38299999999999995,2012-13,Miami(FL)
"Steal, 0-10 s",0.06,0.629,0.5539999999999999,0.732,0.248,0.48,0.198,0.35,2012-13,Miami(FL)
"Steal, 11-30 s",0.034,0.44799999999999995,0.172,0.6,0.466,0.40700000000000003,0.36200000000000004,0.28600000000000003,2012-13,Miami(FL)
Transition,0.20199999999999999,0.5760000000000001,0.408,0.7120000000000001,0.23199999999999998,0.456,0.361,0.33299999999999996,2012-13,Miami(FL)
