start_of_poss,percent_of_initial_attempts,e_fg_percent,percent_shots_at_rim,fg_percent_at_rim,percent_shots_2pt_jumpers,fg_percent_2pt_jumpers,percent_shots_3pt,fg_percent_3pt,season,team
"Rebound, 0-10 s",0.11900000000000001,0.569,0.441,0.607,0.243,0.38799999999999996,0.317,0.43799999999999994,2013-14,LSU
"Rebound, 11-30 s",0.22399999999999998,0.467,0.25,0.547,0.392,0.309,0.358,0.39,2013-14,LSU
"Score, 0-10 s",0.052000000000000005,0.433,0.348,0.645,0.281,0.32,0.371,0.212,2013-14,LSU
"Score, 11-30 s",0.39799999999999996,0.42200000000000004,0.282,0.49700000000000005,0.41100000000000003,0.313,0.307,0.332,2013-14,LSU
"Steal, 0-10 s",0.064,0.5870000000000001,0.578,0.698,0.193,0.381,0.22899999999999998,0.32,2013-14,LSU
"Steal, 11-30 s",0.028999999999999998,0.418,0.265,0.5379999999999999,0.449,0.273,0.28600000000000003,0.35700000000000004,2013-14,LSU
Transition,0.235,0.544,0.45799999999999996,0.645,0.23800000000000002,0.368,0.305,0.35200000000000004,2013-14,LSU
