start_of_poss,percent_of_initial_attempts,e_fg_percent,percent_shots_at_rim,fg_percent_at_rim,percent_shots_2pt_jumpers,fg_percent_2pt_jumpers,percent_shots_3pt,fg_percent_3pt,season,team
"Rebound, 0-10 s",0.114,0.525,0.384,0.632,0.153,0.40700000000000003,0.46299999999999997,0.317,2015-16,KentSt.
"Rebound, 11-30 s",0.226,0.523,0.28300000000000003,0.596,0.386,0.43,0.331,0.379,2015-16,KentSt.
"Score, 0-10 s",0.051,0.386,0.29100000000000004,0.565,0.139,0.364,0.57,0.2,2015-16,KentSt.
"Score, 11-30 s",0.426,0.47700000000000004,0.276,0.484,0.368,0.40299999999999997,0.35600000000000004,0.366,2015-16,KentSt.
"Steal, 0-10 s",0.054000000000000006,0.625,0.7020000000000001,0.6779999999999999,0.095,0.625,0.20199999999999999,0.294,2015-16,KentSt.
"Steal, 11-30 s",0.021,0.531,0.469,0.6,0.25,0.25,0.281,0.444,2015-16,KentSt.
Transition,0.21899999999999997,0.518,0.441,0.64,0.135,0.435,0.424,0.278,2015-16,KentSt.
