start_of_poss,percent_of_initial_attempts,e_fg_percent,percent_shots_at_rim,fg_percent_at_rim,percent_shots_2pt_jumpers,fg_percent_2pt_jumpers,percent_shots_3pt,fg_percent_3pt,season,team
"Rebound, 0-10 s",0.09300000000000001,0.489,0.521,0.486,0.16899999999999998,0.20800000000000002,0.31,0.43200000000000005,2016-17,SanJoseSt.
"Rebound, 11-30 s",0.239,0.484,0.311,0.57,0.33899999999999997,0.395,0.35,0.32799999999999996,2016-17,SanJoseSt.
"Opp score, 0-10 s",0.059000000000000004,0.4,0.389,0.457,0.278,0.32,0.33299999999999996,0.267,2016-17,SanJoseSt.
"Opp score, 11-30 s",0.396,0.495,0.285,0.5720000000000001,0.348,0.384,0.366,0.36,2016-17,SanJoseSt.
"Steal, 0-10 s",0.065,0.626,0.7070000000000001,0.7140000000000001,0.111,0.545,0.182,0.222,2016-17,SanJoseSt.
"Steal, 11-30 s",0.026000000000000002,0.5770000000000001,0.282,0.545,0.282,0.545,0.436,0.41200000000000003,2016-17,SanJoseSt.
Transition,0.21600000000000003,0.506,0.541,0.57,0.18100000000000002,0.317,0.278,0.337,2016-17,SanJoseSt.
