start_of_poss,percent_of_initial_attempts,e_fg_percent,percent_shots_at_rim,fg_percent_at_rim,percent_shots_2pt_jumpers,fg_percent_2pt_jumpers,percent_shots_3pt,fg_percent_3pt,season,team
"Rebound, 0-10 s",0.139,0.485,0.446,0.511,0.14400000000000002,0.24100000000000002,0.41100000000000003,0.361,2014-15,LIU
"Rebound, 11-30 s",0.215,0.473,0.278,0.483,0.294,0.337,0.428,0.373,2014-15,LIU
"Opp score, 0-10 s",0.053,0.461,0.35100000000000003,0.444,0.14300000000000002,0.364,0.506,0.33299999999999996,2014-15,LIU
"Opp score, 11-30 s",0.392,0.39399999999999996,0.36,0.439,0.304,0.306,0.336,0.28300000000000003,2014-15,LIU
"Steal, 0-10 s",0.063,0.56,0.6809999999999999,0.6940000000000001,0.11,0.2,0.209,0.21100000000000002,2014-15,LIU
"Steal, 11-30 s",0.013000000000000001,0.474,0.42100000000000004,0.5,0.316,0.33299999999999996,0.263,0.4,2014-15,LIU
Transition,0.255,0.499,0.484,0.564,0.135,0.26,0.381,0.33299999999999996,2014-15,LIU
