start_of_poss,percent_of_initial_attempts,e_fg_percent,percent_shots_at_rim,fg_percent_at_rim,percent_shots_2pt_jumpers,fg_percent_2pt_jumpers,percent_shots_3pt,fg_percent_3pt,season
"Rebound, 0-10 s",0.182,0.5,0.41600000000000004,0.6579999999999999,0.142,0.205,0.442,0.298,2019-20
"Rebound, 11-30 s",0.196,0.42200000000000004,0.267,0.595,0.247,0.28800000000000003,0.486,0.264,2019-20
"Score, 0-10 s",0.035,0.585,0.34,0.833,0.075,0.25,0.585,0.32299999999999995,2019-20
"Score, 11-30 s",0.4,0.48200000000000004,0.275,0.584,0.239,0.312,0.486,0.33799999999999997,2019-20
"Steal, 0-10 s",0.033,0.84,0.66,0.879,0.04,0.5,0.3,0.5329999999999999,2019-20
"Steal, 11-30 s",0.021,0.43799999999999994,0.281,0.556,0.188,0,0.531,0.353,2019-20
Transition,0.25,0.557,0.43799999999999994,0.721,0.11900000000000001,0.222,0.44299999999999995,0.32299999999999995,2019-20
