start_of_poss,percent_of_initial_attempts,e_fg_percent,percent_shots_at_rim,fg_percent_at_rim,percent_shots_2pt_jumpers,fg_percent_2pt_jumpers,percent_shots_3pt,fg_percent_3pt,season
"Rebound, 0-10 s",0.131,0.55,0.469,0.46399999999999997,0.17300000000000001,0.32299999999999995,0.358,0.516,2017-18
"Rebound, 11-30 s",0.215,0.428,0.406,0.48700000000000004,0.28300000000000003,0.325,0.311,0.297,2017-18
"Opp score, 0-10 s",0.063,0.47100000000000003,0.43,0.45899999999999996,0.14,0.33299999999999996,0.43,0.35100000000000003,2017-18
"Opp score, 11-30 s",0.381,0.485,0.38799999999999996,0.525,0.28300000000000003,0.381,0.32899999999999996,0.35100000000000003,2017-18
"Steal, 0-10 s",0.062,0.524,0.7140000000000001,0.583,0.06,0.6,0.226,0.21100000000000002,2017-18
"Steal, 11-30 s",0.025,0.397,0.324,0.455,0.20600000000000002,0.5710000000000001,0.47100000000000003,0.188,2017-18
Transition,0.256,0.524,0.519,0.503,0.138,0.354,0.344,0.41700000000000004,2017-18
