start_of_poss,percent_of_initial_attempts,e_fg_percent,percent_shots_at_rim,fg_percent_at_rim,percent_shots_2pt_jumpers,fg_percent_2pt_jumpers,percent_shots_3pt,fg_percent_3pt,season,team
"Rebound, 0-10 s",0.114,0.46799999999999997,0.474,0.634,0.37,0.312,0.156,0.222,2014-15,CSUN
"Rebound, 11-30 s",0.249,0.419,0.3,0.5579999999999999,0.493,0.317,0.207,0.308,2014-15,CSUN
"Opp score, 0-10 s",0.065,0.52,0.45899999999999996,0.6,0.245,0.5,0.29600000000000004,0.276,2014-15,CSUN
"Opp score, 11-30 s",0.381,0.419,0.284,0.445,0.514,0.34700000000000003,0.20199999999999999,0.376,2014-15,CSUN
"Steal, 0-10 s",0.057999999999999996,0.585,0.693,0.721,0.17,0.2,0.136,0.25,2014-15,CSUN
"Steal, 11-30 s",0.027999999999999997,0.44,0.214,0.556,0.5,0.429,0.28600000000000003,0.25,2014-15,CSUN
Transition,0.237,0.511,0.524,0.654,0.287,0.34,0.18899999999999997,0.25,2014-15,CSUN
