start_of_poss,percent_of_initial_attempts,e_fg_percent,percent_shots_at_rim,fg_percent_at_rim,percent_shots_2pt_jumpers,fg_percent_2pt_jumpers,percent_shots_3pt,fg_percent_3pt,season,team
"Rebound, 0-10 s",0.121,0.555,0.425,0.5710000000000001,0.105,0.368,0.47,0.38799999999999996,2018-19,Harvard
"Rebound, 11-30 s",0.24600000000000002,0.546,0.318,0.607,0.245,0.41100000000000003,0.43799999999999994,0.385,2018-19,Harvard
"Opp score, 0-10 s",0.047,0.57,0.33799999999999997,0.708,0.127,0.444,0.535,0.342,2018-19,Harvard
"Opp score, 11-30 s",0.381,0.532,0.321,0.65,0.221,0.317,0.45799999999999996,0.368,2018-19,Harvard
"Steal, 0-10 s",0.049,0.588,0.608,0.711,0.054000000000000006,0.25,0.33799999999999997,0.28,2018-19,Harvard
"Steal, 11-30 s",0.033,0.37,0.22,0.455,0.46,0.391,0.32,0.188,2018-19,Harvard
Transition,0.218,0.5660000000000001,0.44799999999999995,0.637,0.098,0.375,0.45399999999999996,0.358,2018-19,Harvard
