start_of_poss,percent_of_initial_attempts,e_fg_percent,percent_shots_at_rim,fg_percent_at_rim,percent_shots_2pt_jumpers,fg_percent_2pt_jumpers,percent_shots_3pt,fg_percent_3pt,season,team
"Rebound, 0-10 s",0.133,0.517,0.409,0.632,0.125,0.31,0.466,0.315,2018-19,MoreheadSt.
"Rebound, 11-30 s",0.23,0.521,0.321,0.5660000000000001,0.326,0.41200000000000003,0.353,0.387,2018-19,MoreheadSt.
"Score, 0-10 s",0.05,0.586,0.33299999999999996,0.759,0.115,0.2,0.552,0.375,2018-19,MoreheadSt.
"Score, 11-30 s",0.397,0.49700000000000005,0.313,0.544,0.282,0.34700000000000003,0.405,0.377,2018-19,MoreheadSt.
"Steal, 0-10 s",0.054000000000000006,0.653,0.611,0.7070000000000001,0.084,0.75,0.305,0.345,2018-19,MoreheadSt.
"Steal, 11-30 s",0.024,0.33299999999999996,0.28600000000000003,0.41700000000000004,0.23800000000000002,0.3,0.47600000000000003,0.2,2018-19,MoreheadSt.
Transition,0.237,0.563,0.44,0.6759999999999999,0.114,0.36200000000000004,0.447,0.335,2018-19,MoreheadSt.
