start_of_poss,percent_of_initial_attempts,e_fg_percent,percent_shots_at_rim,fg_percent_at_rim,percent_shots_2pt_jumpers,fg_percent_2pt_jumpers,percent_shots_3pt,fg_percent_3pt,season
"Rebound, 0-10 s",0.171,0.442,0.332,0.516,0.20800000000000002,0.456,0.46,0.254,2019-20
"Rebound, 11-30 s",0.226,0.45,0.253,0.565,0.303,0.373,0.444,0.292,2019-20
"Score, 0-10 s",0.033,0.698,0.491,0.846,0.113,0,0.396,0.47600000000000003,2019-20
"Score, 11-30 s",0.376,0.426,0.24,0.503,0.281,0.276,0.479,0.317,2019-20
"Steal, 0-10 s",0.034,0.722,0.667,0.75,0.09300000000000001,0.6,0.24100000000000002,0.462,2019-20
"Steal, 11-30 s",0.02,0.469,0.156,0.4,0.281,0.444,0.562,0.33299999999999996,2019-20
Transition,0.237,0.517,0.402,0.627,0.17800000000000002,0.426,0.42,0.3,2019-20
