start_of_poss,percent_of_initial_attempts,e_fg_percent,percent_shots_at_rim,fg_percent_at_rim,percent_shots_2pt_jumpers,fg_percent_2pt_jumpers,percent_shots_3pt,fg_percent_3pt,season,team
"Rebound, 0-10 s",0.10099999999999999,0.54,0.374,0.738,0.213,0.514,0.414,0.25,2017-18,BYU
"Rebound, 11-30 s",0.273,0.546,0.266,0.7040000000000001,0.387,0.374,0.34700000000000003,0.41100000000000003,2017-18,BYU
"Opp score, 0-10 s",0.027000000000000003,0.511,0.319,0.733,0.255,0.33299999999999996,0.426,0.3,2017-18,BYU
"Opp score, 11-30 s",0.4,0.522,0.244,0.667,0.41100000000000003,0.46299999999999997,0.345,0.32799999999999996,2017-18,BYU
"Steal, 0-10 s",0.06,0.612,0.47600000000000003,0.735,0.233,0.5,0.29100000000000004,0.33299999999999996,2017-18,BYU
"Steal, 11-30 s",0.027999999999999997,0.5,0.22399999999999998,0.545,0.469,0.478,0.306,0.33299999999999996,2017-18,BYU
Transition,0.188,0.5589999999999999,0.39799999999999996,0.736,0.225,0.479,0.377,0.27899999999999997,2017-18,BYU
