start_of_poss,percent_of_initial_attempts,e_fg_percent,percent_shots_at_rim,fg_percent_at_rim,percent_shots_2pt_jumpers,fg_percent_2pt_jumpers,percent_shots_3pt,fg_percent_3pt,season,team
"Rebound, 0-10 s",0.127,0.541,0.337,0.5710000000000001,0.308,0.406,0.35600000000000004,0.419,2015-16,AlabamaSt.
"Rebound, 11-30 s",0.20800000000000002,0.385,0.24100000000000002,0.47600000000000003,0.391,0.353,0.368,0.24,2015-16,AlabamaSt.
"Opp score, 0-10 s",0.079,0.47700000000000004,0.308,0.6,0.308,0.275,0.385,0.36,2015-16,AlabamaSt.
"Opp score, 11-30 s",0.375,0.42100000000000004,0.187,0.539,0.424,0.341,0.389,0.301,2015-16,AlabamaSt.
"Steal, 0-10 s",0.059000000000000004,0.588,0.5770000000000001,0.679,0.175,0.41200000000000003,0.247,0.33299999999999996,2015-16,AlabamaSt.
"Steal, 11-30 s",0.021,0.368,0.20600000000000002,0.5710000000000001,0.441,0.267,0.353,0.25,2015-16,AlabamaSt.
Transition,0.266,0.532,0.382,0.614,0.278,0.364,0.34,0.385,2015-16,AlabamaSt.
