start_of_poss,percent_of_initial_attempts,e_fg_percent,percent_shots_at_rim,fg_percent_at_rim,percent_shots_2pt_jumpers,fg_percent_2pt_jumpers,percent_shots_3pt,fg_percent_3pt,season
"Rebound, 0-10 s",0.16,0.643,0.544,0.71,0.145,0.486,0.311,0.4,2015-16
"Rebound, 11-30 s",0.223,0.42700000000000005,0.327,0.527,0.271,0.33,0.402,0.27399999999999997,2015-16
"Score, 0-10 s",0.07,0.524,0.371,0.6409999999999999,0.267,0.429,0.36200000000000004,0.316,2015-16
"Score, 11-30 s",0.37200000000000005,0.493,0.375,0.552,0.275,0.377,0.35,0.34700000000000003,2015-16
"Steal, 0-10 s",0.065,0.643,0.7140000000000001,0.657,0.040999999999999995,0.5,0.245,0.41700000000000004,2015-16
"Steal, 11-30 s",0.017,0.423,0.5379999999999999,0.5710000000000001,0.231,0.5,0.231,0,2015-16
Transition,0.295,0.615,0.541,0.6829999999999999,0.151,0.46299999999999997,0.309,0.38,2015-16
