start_of_poss,percent_of_initial_attempts,e_fg_percent,percent_shots_at_rim,fg_percent_at_rim,percent_shots_2pt_jumpers,fg_percent_2pt_jumpers,percent_shots_3pt,fg_percent_3pt,season,team
"Rebound, 0-10 s",0.11699999999999999,0.43799999999999994,0.335,0.588,0.28600000000000003,0.379,0.379,0.23399999999999999,2012-13,SoutheastMo.St.
"Rebound, 11-30 s",0.222,0.43,0.187,0.444,0.475,0.361,0.33799999999999997,0.34600000000000003,2012-13,SoutheastMo.St.
"Score, 0-10 s",0.053,0.522,0.228,0.47600000000000003,0.359,0.424,0.413,0.42100000000000004,2012-13,SoutheastMo.St.
"Score, 11-30 s",0.418,0.433,0.209,0.5329999999999999,0.426,0.33299999999999996,0.365,0.32799999999999996,2012-13,SoutheastMo.St.
"Steal, 0-10 s",0.05,0.581,0.547,0.745,0.256,0.409,0.198,0.235,2012-13,SoutheastMo.St.
"Steal, 11-30 s",0.033,0.35100000000000003,0.298,0.41200000000000003,0.35100000000000003,0.35,0.35100000000000003,0.2,2012-13,SoutheastMo.St.
Transition,0.21899999999999997,0.491,0.35700000000000004,0.625,0.297,0.39799999999999996,0.34600000000000003,0.28800000000000003,2012-13,SoutheastMo.St.
