start_of_poss,percent_of_initial_attempts,e_fg_percent,percent_shots_at_rim,fg_percent_at_rim,percent_shots_2pt_jumpers,fg_percent_2pt_jumpers,percent_shots_3pt,fg_percent_3pt,season,team
"Rebound, 0-10 s",0.1,0.537,0.414,0.597,0.24100000000000002,0.513,0.34600000000000003,0.321,2014-15,ArizonaSt.
"Rebound, 11-30 s",0.22,0.46799999999999997,0.27899999999999997,0.5660000000000001,0.445,0.354,0.276,0.36700000000000005,2014-15,ArizonaSt.
"Score, 0-10 s",0.049,0.512,0.275,0.545,0.28800000000000003,0.609,0.43799999999999994,0.28600000000000003,2014-15,ArizonaSt.
"Score, 11-30 s",0.39799999999999996,0.486,0.307,0.54,0.39399999999999996,0.409,0.298,0.354,2014-15,ArizonaSt.
"Steal, 0-10 s",0.065,0.6859999999999999,0.629,0.6970000000000001,0.18100000000000002,0.42100000000000004,0.19,0.6,2014-15,ArizonaSt.
"Steal, 11-30 s",0.03,0.541,0.36700000000000005,0.611,0.28600000000000003,0.35700000000000004,0.34700000000000003,0.41200000000000003,2014-15,ArizonaSt.
Transition,0.215,0.5760000000000001,0.447,0.632,0.233,0.519,0.32,0.36,2014-15,ArizonaSt.
