start_of_poss,percent_of_initial_attempts,e_fg_percent,percent_shots_at_rim,fg_percent_at_rim,percent_shots_2pt_jumpers,fg_percent_2pt_jumpers,percent_shots_3pt,fg_percent_3pt,season,team
"Rebound, 0-10 s",0.096,0.637,0.381,0.703,0.113,0.42100000000000004,0.506,0.424,2013-14,Wisconsin
"Rebound, 11-30 s",0.27399999999999997,0.478,0.27399999999999997,0.583,0.32799999999999996,0.392,0.39799999999999996,0.318,2013-14,Wisconsin
"Opp score, 0-10 s",0.023,0.5379999999999999,0.3,0.75,0.15,0.33299999999999996,0.55,0.318,2013-14,Wisconsin
"Opp score, 11-30 s",0.425,0.537,0.276,0.612,0.345,0.38799999999999996,0.379,0.413,2013-14,Wisconsin
"Steal, 0-10 s",0.047,0.6509999999999999,0.518,0.581,0.157,0.385,0.325,0.593,2013-14,Wisconsin
"Steal, 11-30 s",0.034,0.61,0.237,0.7859999999999999,0.35600000000000004,0.47600000000000003,0.40700000000000003,0.41700000000000004,2013-14,Wisconsin
Transition,0.166,0.627,0.409,0.664,0.131,0.395,0.46,0.44,2013-14,Wisconsin
