start_of_poss,percent_of_initial_attempts,e_fg_percent,percent_shots_at_rim,fg_percent_at_rim,percent_shots_2pt_jumpers,fg_percent_2pt_jumpers,percent_shots_3pt,fg_percent_3pt,season
"Rebound, 0-10 s",0.125,0.522,0.361,0.667,0.23,0.33299999999999996,0.41,0.33299999999999996,2014-15
"Rebound, 11-30 s",0.248,0.49,0.209,0.5529999999999999,0.424,0.33799999999999997,0.366,0.42100000000000004,2014-15
"Score, 0-10 s",0.037000000000000005,0.491,0.33299999999999996,0.611,0.278,0.33299999999999996,0.389,0.33299999999999996,2014-15
"Score, 11-30 s",0.375,0.48200000000000004,0.18899999999999997,0.5379999999999999,0.485,0.44,0.326,0.341,2014-15
"Steal, 0-10 s",0.07,0.632,0.578,0.695,0.196,0.5,0.225,0.391,2014-15
"Steal, 11-30 s",0.023,0.53,0.152,0.2,0.455,0.4,0.39399999999999996,0.5379999999999999,2014-15
Transition,0.23199999999999998,0.55,0.42200000000000004,0.6709999999999999,0.22699999999999998,0.377,0.35100000000000003,0.345,2014-15
