start_of_poss,percent_of_initial_attempts,e_fg_percent,percent_shots_at_rim,fg_percent_at_rim,percent_shots_2pt_jumpers,fg_percent_2pt_jumpers,percent_shots_3pt,fg_percent_3pt,season
"Rebound, 0-10 s",0.156,0.441,0.37200000000000005,0.608,0.207,0.204,0.42100000000000004,0.273,2018-19
"Rebound, 11-30 s",0.20199999999999999,0.478,0.257,0.563,0.313,0.358,0.431,0.342,2018-19
"Opp score, 0-10 s",0.081,0.504,0.363,0.5710000000000001,0.156,0.47600000000000003,0.48100000000000004,0.308,2018-19
"Opp score, 11-30 s",0.363,0.516,0.245,0.557,0.312,0.311,0.44299999999999995,0.426,2018-19
"Steal, 0-10 s",0.053,0.669,0.64,0.754,0.022000000000000002,0,0.337,0.36700000000000005,2018-19
"Steal, 11-30 s",0.017,0.414,0.345,0.3,0.24100000000000002,0.429,0.414,0.33299999999999996,2018-19
Transition,0.289,0.5,0.419,0.64,0.159,0.273,0.423,0.298,2018-19
