start_of_poss,percent_of_initial_attempts,e_fg_percent,percent_shots_at_rim,fg_percent_at_rim,percent_shots_2pt_jumpers,fg_percent_2pt_jumpers,percent_shots_3pt,fg_percent_3pt,season
"Rebound, 0-10 s",0.11900000000000001,0.488,0.32899999999999996,0.5,0.22399999999999998,0.42100000000000004,0.447,0.342,2015-16
"Rebound, 11-30 s",0.228,0.474,0.314,0.598,0.289,0.319,0.397,0.326,2015-16
"Score, 0-10 s",0.06,0.45899999999999996,0.365,0.677,0.17600000000000002,0.4,0.45899999999999996,0.205,2015-16
"Score, 11-30 s",0.396,0.502,0.31,0.52,0.289,0.35,0.401,0.39799999999999996,2015-16
"Steal, 0-10 s",0.055999999999999994,0.595,0.608,0.75,0.114,0.222,0.278,0.273,2015-16
"Steal, 11-30 s",0.019,0.519,0.29600000000000004,0.75,0.222,0.33299999999999996,0.48100000000000004,0.308,2015-16
Transition,0.235,0.506,0.40399999999999997,0.63,0.18600000000000003,0.387,0.41,0.292,2015-16
