start_of_poss,percent_of_initial_attempts,e_fg_percent,percent_shots_at_rim,fg_percent_at_rim,percent_shots_2pt_jumpers,fg_percent_2pt_jumpers,percent_shots_3pt,fg_percent_3pt,season,team
"Rebound, 0-10 s",0.162,0.47,0.27699999999999997,0.654,0.312,0.295,0.41100000000000003,0.319,2018-19,LongBeachSt.
"Rebound, 11-30 s",0.18100000000000002,0.483,0.28800000000000003,0.659,0.44,0.353,0.272,0.337,2018-19,LongBeachSt.
"Opp score, 0-10 s",0.086,0.513,0.253,0.6579999999999999,0.28,0.31,0.467,0.371,2018-19,LongBeachSt.
"Opp score, 11-30 s",0.36,0.45899999999999996,0.22699999999999998,0.5589999999999999,0.461,0.359,0.312,0.35700000000000004,2018-19,LongBeachSt.
"Steal, 0-10 s",0.068,0.5720000000000001,0.568,0.687,0.18600000000000003,0.22699999999999998,0.24600000000000002,0.379,2018-19,LongBeachSt.
"Steal, 11-30 s",0.015,0.6729999999999999,0.192,0.8,0.5770000000000001,0.6,0.231,0.5,2018-19,LongBeachSt.
Transition,0.315,0.504,0.33299999999999996,0.667,0.276,0.289,0.391,0.344,2018-19,LongBeachSt.
