start_of_poss,percent_of_initial_attempts,e_fg_percent,percent_shots_at_rim,fg_percent_at_rim,percent_shots_2pt_jumpers,fg_percent_2pt_jumpers,percent_shots_3pt,fg_percent_3pt,season,team
"Rebound, 0-10 s",0.134,0.491,0.366,0.462,0.221,0.27699999999999997,0.413,0.42,2018-19,MiddleTenn.
"Rebound, 11-30 s",0.23600000000000002,0.469,0.275,0.631,0.35200000000000004,0.318,0.373,0.32899999999999996,2018-19,MiddleTenn.
"Opp score, 0-10 s",0.043,0.449,0.304,0.524,0.23199999999999998,0.5,0.46399999999999997,0.25,2018-19,MiddleTenn.
"Opp score, 11-30 s",0.39799999999999996,0.41600000000000004,0.25,0.5379999999999999,0.382,0.322,0.368,0.28800000000000003,2018-19,MiddleTenn.
"Steal, 0-10 s",0.059000000000000004,0.66,0.585,0.764,0.149,0.35700000000000004,0.266,0.4,2018-19,MiddleTenn.
"Steal, 11-30 s",0.023,0.431,0.33299999999999996,0.41700000000000004,0.33299999999999996,0.5,0.33299999999999996,0.25,2018-19,MiddleTenn.
Transition,0.237,0.525,0.41,0.578,0.205,0.33799999999999997,0.386,0.379,2018-19,MiddleTenn.
