start_of_poss,percent_of_initial_attempts,e_fg_percent,percent_shots_at_rim,fg_percent_at_rim,percent_shots_2pt_jumpers,fg_percent_2pt_jumpers,percent_shots_3pt,fg_percent_3pt,season,team
"Rebound, 0-10 s",0.11599999999999999,0.552,0.484,0.64,0.217,0.325,0.299,0.382,2013-14,NewMexico
"Rebound, 11-30 s",0.294,0.489,0.27699999999999997,0.667,0.41600000000000004,0.40700000000000003,0.307,0.294,2013-14,NewMexico
"Opp score, 0-10 s",0.034,0.556,0.389,0.7140000000000001,0.278,0.4,0.33299999999999996,0.33299999999999996,2013-14,NewMexico
"Opp score, 11-30 s",0.39399999999999996,0.47,0.258,0.609,0.341,0.315,0.402,0.34299999999999997,2013-14,NewMexico
"Steal, 0-10 s",0.052000000000000005,0.6709999999999999,0.72,0.746,0.146,0.41700000000000004,0.134,0.364,2013-14,NewMexico
"Steal, 11-30 s",0.02,0.419,0.226,0.5710000000000001,0.355,0.545,0.419,0.154,2013-14,NewMexico
Transition,0.20199999999999999,0.583,0.528,0.6859999999999999,0.209,0.358,0.262,0.369,2013-14,NewMexico
