start_of_poss,percent_of_initial_attempts,e_fg_percent,percent_shots_at_rim,fg_percent_at_rim,percent_shots_2pt_jumpers,fg_percent_2pt_jumpers,percent_shots_3pt,fg_percent_3pt,season
"Rebound, 0-10 s",0.193,0.526,0.36,0.55,0.172,0.321,0.46799999999999997,0.389,2019-20
"Rebound, 11-30 s",0.218,0.474,0.363,0.603,0.28,0.278,0.35700000000000004,0.331,2019-20
"Opp score, 0-10 s",0.034,0.636,0.382,0.762,0.182,0.7,0.436,0.33299999999999996,2019-20
"Opp score, 11-30 s",0.376,0.48,0.292,0.5770000000000001,0.272,0.35600000000000004,0.43700000000000006,0.32799999999999996,2019-20
"Steal, 0-10 s",0.034,0.5,0.611,0.606,0.07400000000000001,0.25,0.315,0.235,2019-20
"Steal, 11-30 s",0.019,0.55,0.433,0.6920000000000001,0.267,0.375,0.3,0.33299999999999996,2019-20
Transition,0.261,0.537,0.396,0.588,0.161,0.373,0.444,0.368,2019-20
