start_of_poss,percent_of_initial_attempts,e_fg_percent,percent_shots_at_rim,fg_percent_at_rim,percent_shots_2pt_jumpers,fg_percent_2pt_jumpers,percent_shots_3pt,fg_percent_3pt,season,team
"Rebound, 0-10 s",0.149,0.5429999999999999,0.355,0.479,0.166,0.47700000000000004,0.479,0.409,2017-18,Providence
"Rebound, 11-30 s",0.203,0.434,0.305,0.5820000000000001,0.363,0.35100000000000003,0.332,0.258,2017-18,Providence
"Opp score, 0-10 s",0.053,0.579,0.389,0.649,0.11599999999999999,0.364,0.495,0.38299999999999995,2017-18,Providence
"Opp score, 11-30 s",0.386,0.469,0.28600000000000003,0.5660000000000001,0.382,0.397,0.332,0.311,2017-18,Providence
"Steal, 0-10 s",0.071,0.619,0.675,0.6940000000000001,0.135,0.235,0.19,0.41700000000000004,2017-18,Providence
"Steal, 11-30 s",0.027999999999999997,0.46,0.28,0.429,0.36,0.444,0.36,0.33299999999999996,2017-18,Providence
Transition,0.273,0.57,0.444,0.593,0.14800000000000002,0.40299999999999997,0.40700000000000003,0.40399999999999997,2017-18,Providence
