start_of_poss,percent_of_initial_attempts,e_fg_percent,percent_shots_at_rim,fg_percent_at_rim,percent_shots_2pt_jumpers,fg_percent_2pt_jumpers,percent_shots_3pt,fg_percent_3pt,season,team
"Rebound, 0-10 s",0.12,0.537,0.36700000000000005,0.615,0.22,0.41,0.41200000000000003,0.35600000000000004,2016-17,VMI
"Rebound, 11-30 s",0.251,0.526,0.29600000000000004,0.618,0.315,0.359,0.39,0.39299999999999996,2016-17,VMI
"Score, 0-10 s",0.045,0.49200000000000005,0.33299999999999996,0.591,0.242,0.375,0.424,0.321,2016-17,VMI
"Score, 11-30 s",0.38299999999999995,0.562,0.321,0.643,0.303,0.395,0.376,0.418,2016-17,VMI
"Steal, 0-10 s",0.07,0.639,0.6829999999999999,0.7609999999999999,0.135,0.35700000000000004,0.183,0.263,2016-17,VMI
"Steal, 11-30 s",0.03,0.5670000000000001,0.2,0.556,0.35600000000000004,0.43799999999999994,0.444,0.45,2016-17,VMI
Transition,0.23399999999999999,0.5589999999999999,0.455,0.677,0.19899999999999998,0.391,0.34600000000000003,0.33299999999999996,2016-17,VMI
