start_of_poss,percent_of_initial_attempts,e_fg_percent,percent_shots_at_rim,fg_percent_at_rim,percent_shots_2pt_jumpers,fg_percent_2pt_jumpers,percent_shots_3pt,fg_percent_3pt,season
"Rebound, 0-10 s",0.11599999999999999,0.5,0.509,0.542,0.233,0.368,0.258,0.35700000000000004,2011-12
"Rebound, 11-30 s",0.193,0.375,0.292,0.43,0.439,0.32799999999999996,0.26899999999999996,0.26,2011-12
"Opp score, 0-10 s",0.083,0.43200000000000005,0.376,0.545,0.265,0.32299999999999995,0.359,0.262,2011-12
"Opp score, 11-30 s",0.37799999999999995,0.419,0.253,0.5670000000000001,0.419,0.306,0.32799999999999996,0.299,2011-12
"Steal, 0-10 s",0.078,0.679,0.523,0.7190000000000001,0.22899999999999998,0.48,0.248,0.519,2011-12
"Steal, 11-30 s",0.028999999999999998,0.415,0.293,0.41700000000000004,0.341,0.429,0.366,0.267,2011-12
Transition,0.27699999999999997,0.53,0.473,0.598,0.242,0.38299999999999995,0.285,0.36,2011-12
