start_of_poss,percent_of_initial_attempts,e_fg_percent,percent_shots_at_rim,fg_percent_at_rim,percent_shots_2pt_jumpers,fg_percent_2pt_jumpers,percent_shots_3pt,fg_percent_3pt,season
"Rebound, 0-10 s",0.156,0.465,0.418,0.536,0.179,0.375,0.40299999999999997,0.287,2013-14
"Rebound, 11-30 s",0.196,0.46299999999999997,0.326,0.5820000000000001,0.335,0.41600000000000004,0.33799999999999997,0.263,2013-14
"Score, 0-10 s",0.073,0.532,0.365,0.7390000000000001,0.183,0.391,0.452,0.281,2013-14
"Score, 11-30 s",0.37,0.469,0.27699999999999997,0.58,0.373,0.371,0.35100000000000003,0.32299999999999995,2013-14
"Steal, 0-10 s",0.07,0.575,0.633,0.5920000000000001,0.133,0.562,0.233,0.35700000000000004,2013-14
"Steal, 11-30 s",0.023,0.45,0.3,0.5,0.25,0.3,0.45,0.33299999999999996,2013-14
Transition,0.299,0.507,0.455,0.594,0.16899999999999998,0.414,0.375,0.295,2013-14
