start_of_poss,percent_of_initial_attempts,e_fg_percent,percent_shots_at_rim,fg_percent_at_rim,percent_shots_2pt_jumpers,fg_percent_2pt_jumpers,percent_shots_3pt,fg_percent_3pt,season
"Rebound, 0-10 s",0.171,0.542,0.429,0.715,0.27899999999999997,0.33799999999999997,0.293,0.321,2012-13
"Rebound, 11-30 s",0.187,0.5429999999999999,0.22,0.6809999999999999,0.40399999999999997,0.39399999999999996,0.376,0.415,2012-13
"Opp score, 0-10 s",0.042,0.579,0.314,0.727,0.35700000000000004,0.44,0.32899999999999996,0.391,2012-13
"Opp score, 11-30 s",0.35700000000000004,0.49700000000000005,0.24,0.639,0.431,0.32799999999999996,0.32899999999999996,0.409,2012-13
"Steal, 0-10 s",0.106,0.721,0.715,0.797,0.12300000000000001,0.409,0.162,0.414,2012-13
"Steal, 11-30 s",0.027000000000000003,0.41100000000000003,0.42200000000000004,0.526,0.33299999999999996,0.267,0.244,0.273,2012-13
Transition,0.318,0.606,0.509,0.755,0.237,0.37,0.254,0.353,2012-13
