start_of_poss,percent_of_initial_attempts,e_fg_percent,percent_shots_at_rim,fg_percent_at_rim,percent_shots_2pt_jumpers,fg_percent_2pt_jumpers,percent_shots_3pt,fg_percent_3pt,season,team
"Rebound, 0-10 s",0.133,0.474,0.465,0.626,0.204,0.319,0.33,0.237,2015-16,Vanderbilt
"Rebound, 11-30 s",0.22699999999999998,0.379,0.266,0.423,0.39899999999999997,0.359,0.335,0.244,2015-16,Vanderbilt
"Score, 0-10 s",0.052000000000000005,0.506,0.382,0.529,0.258,0.522,0.36,0.312,2015-16,Vanderbilt
"Score, 11-30 s",0.39899999999999997,0.408,0.271,0.47100000000000003,0.38299999999999995,0.27699999999999997,0.345,0.336,2015-16,Vanderbilt
"Steal, 0-10 s",0.063,0.573,0.6970000000000001,0.6579999999999999,0.174,0.42100000000000004,0.128,0.214,2015-16,Vanderbilt
"Steal, 11-30 s",0.024,0.33299999999999996,0.35700000000000004,0.5329999999999999,0.33299999999999996,0.214,0.31,0.154,2015-16,Vanderbilt
Transition,0.248,0.506,0.507,0.622,0.20800000000000002,0.39299999999999996,0.285,0.254,2015-16,Vanderbilt
