start_of_poss,percent_of_initial_attempts,e_fg_percent,percent_shots_at_rim,fg_percent_at_rim,percent_shots_2pt_jumpers,fg_percent_2pt_jumpers,percent_shots_3pt,fg_percent_3pt,season,team
"Rebound, 0-10 s",0.188,0.461,0.34600000000000003,0.595,0.20600000000000002,0.28800000000000003,0.449,0.292,2019-20,Alabama
"Rebound, 11-30 s",0.166,0.473,0.26899999999999996,0.474,0.364,0.369,0.36700000000000005,0.385,2019-20,Alabama
"Score, 0-10 s",0.059000000000000004,0.5539999999999999,0.396,0.7,0.248,0.4,0.35600000000000004,0.33299999999999996,2019-20,Alabama
"Score, 11-30 s",0.38299999999999995,0.45899999999999996,0.27699999999999997,0.569,0.37799999999999995,0.401,0.345,0.289,2019-20,Alabama
"Steal, 0-10 s",0.055,0.613,0.602,0.732,0.183,0.41200000000000003,0.215,0.3,2019-20,Alabama
"Steal, 11-30 s",0.025,0.405,0.28600000000000003,0.5,0.381,0.312,0.33299999999999996,0.28600000000000003,2019-20,Alabama
Transition,0.302,0.507,0.402,0.652,0.21,0.33299999999999996,0.38799999999999996,0.3,2019-20,Alabama
