start_of_poss,percent_of_initial_attempts,e_fg_percent,percent_shots_at_rim,fg_percent_at_rim,percent_shots_2pt_jumpers,fg_percent_2pt_jumpers,percent_shots_3pt,fg_percent_3pt,season
"Rebound, 0-10 s",0.13,0.594,0.355,0.63,0.175,0.35,0.469,0.439,2017-18
"Rebound, 11-30 s",0.20600000000000002,0.521,0.28,0.614,0.391,0.36200000000000004,0.33,0.42,2017-18
"Score, 0-10 s",0.048,0.429,0.28600000000000003,0.583,0.20199999999999999,0.41200000000000003,0.512,0.233,2017-18
"Score, 11-30 s",0.429,0.513,0.235,0.551,0.359,0.435,0.40700000000000003,0.374,2017-18
"Steal, 0-10 s",0.051,0.64,0.6629999999999999,0.695,0.11199999999999999,0.4,0.225,0.4,2017-18
"Steal, 11-30 s",0.025,0.568,0.25,0.545,0.341,0.467,0.409,0.444,2017-18
Transition,0.22899999999999998,0.57,0.409,0.6459999999999999,0.16699999999999998,0.373,0.424,0.382,2017-18
