start_of_poss,percent_of_initial_attempts,e_fg_percent,percent_shots_at_rim,fg_percent_at_rim,percent_shots_2pt_jumpers,fg_percent_2pt_jumpers,percent_shots_3pt,fg_percent_3pt,season
"Rebound, 0-10 s",0.168,0.568,0.389,0.66,0.17,0.4,0.442,0.368,2017-18
"Rebound, 11-30 s",0.226,0.5379999999999999,0.249,0.562,0.28300000000000003,0.455,0.46799999999999997,0.38299999999999995,2017-18
"Score, 0-10 s",0.053,0.637,0.321,0.741,0.179,0.5329999999999999,0.5,0.405,2017-18
"Score, 11-30 s",0.349,0.503,0.26,0.5870000000000001,0.307,0.43200000000000005,0.434,0.335,2017-18
"Steal, 0-10 s",0.067,0.637,0.679,0.722,0.057,0.33299999999999996,0.264,0.321,2017-18
"Steal, 11-30 s",0.022000000000000002,0.47100000000000003,0.441,0.667,0.265,0.33299999999999996,0.294,0.2,2017-18
Transition,0.28800000000000003,0.597,0.444,0.693,0.145,0.424,0.41100000000000003,0.369,2017-18
