start_of_poss,percent_of_initial_attempts,e_fg_percent,percent_shots_at_rim,fg_percent_at_rim,percent_shots_2pt_jumpers,fg_percent_2pt_jumpers,percent_shots_3pt,fg_percent_3pt,season,team
"Rebound, 0-10 s",0.121,0.635,0.39299999999999996,0.649,0.19399999999999998,0.5,0.413,0.457,2012-13,Tulane
"Rebound, 11-30 s",0.217,0.47,0.271,0.705,0.39,0.34299999999999997,0.33899999999999997,0.28600000000000003,2012-13,Tulane
"Score, 0-10 s",0.046,0.581,0.392,0.862,0.23,0.529,0.37799999999999995,0.214,2012-13,Tulane
"Score, 11-30 s",0.41100000000000003,0.47700000000000004,0.22899999999999998,0.638,0.38,0.361,0.392,0.331,2012-13,Tulane
"Steal, 0-10 s",0.063,0.614,0.584,0.7120000000000001,0.188,0.42100000000000004,0.228,0.348,2012-13,Tulane
"Steal, 11-30 s",0.027000000000000003,0.57,0.302,0.5379999999999999,0.395,0.41200000000000003,0.302,0.5379999999999999,2012-13,Tulane
Transition,0.23,0.619,0.445,0.7090000000000001,0.19899999999999998,0.486,0.35600000000000004,0.386,2012-13,Tulane
