start_of_poss,percent_of_initial_attempts,e_fg_percent,percent_shots_at_rim,fg_percent_at_rim,percent_shots_2pt_jumpers,fg_percent_2pt_jumpers,percent_shots_3pt,fg_percent_3pt,season
"Rebound, 0-10 s",0.098,0.584,0.43799999999999994,0.7859999999999999,0.231,0.35100000000000003,0.331,0.321,2012-13
"Rebound, 11-30 s",0.239,0.45799999999999996,0.33899999999999997,0.561,0.42200000000000004,0.37799999999999995,0.239,0.301,2012-13
"Score, 0-10 s",0.054000000000000006,0.42,0.35600000000000004,0.645,0.184,0.188,0.46,0.225,2012-13
"Score, 11-30 s",0.409,0.46299999999999997,0.29600000000000004,0.604,0.45299999999999996,0.39899999999999997,0.251,0.275,2012-13
"Steal, 0-10 s",0.066,0.532,0.574,0.645,0.213,0.174,0.213,0.391,2012-13
"Steal, 11-30 s",0.027999999999999997,0.457,0.261,0.583,0.478,0.5,0.261,0.16699999999999998,2012-13
Transition,0.218,0.528,0.45899999999999996,0.706,0.214,0.263,0.327,0.302,2012-13
