start_of_poss,percent_of_initial_attempts,e_fg_percent,percent_shots_at_rim,fg_percent_at_rim,percent_shots_2pt_jumpers,fg_percent_2pt_jumpers,percent_shots_3pt,fg_percent_3pt,season
"Rebound, 0-10 s",0.136,0.562,0.522,0.562,0.149,0.3,0.32799999999999996,0.455,2013-14
"Rebound, 11-30 s",0.239,0.452,0.34600000000000003,0.45899999999999996,0.32299999999999995,0.289,0.331,0.402,2013-14
"Score, 0-10 s",0.064,0.5589999999999999,0.5429999999999999,0.529,0.138,0.462,0.319,0.433,2013-14
"Score, 11-30 s",0.366,0.466,0.37200000000000005,0.483,0.27,0.384,0.359,0.34,2013-14
"Steal, 0-10 s",0.066,0.768,0.639,0.8390000000000001,0.10300000000000001,0.6,0.258,0.44,2013-14
"Steal, 11-30 s",0.027999999999999997,0.381,0.31,0.5379999999999999,0.31,0.231,0.381,0.25,2013-14
Transition,0.265,0.612,0.556,0.633,0.135,0.396,0.309,0.446,2013-14
