start_of_poss,percent_of_initial_attempts,e_fg_percent,percent_shots_at_rim,fg_percent_at_rim,percent_shots_2pt_jumpers,fg_percent_2pt_jumpers,percent_shots_3pt,fg_percent_3pt,season
"Rebound, 0-10 s",0.139,0.609,0.434,0.6509999999999999,0.135,0.364,0.43,0.429,2017-18
"Rebound, 11-30 s",0.244,0.47600000000000003,0.295,0.638,0.295,0.32299999999999995,0.409,0.312,2017-18
"Score, 0-10 s",0.05,0.494,0.375,0.667,0.08,0.28600000000000003,0.545,0.271,2017-18
"Score, 11-30 s",0.376,0.45399999999999996,0.27899999999999997,0.49200000000000005,0.278,0.364,0.44299999999999995,0.324,2017-18
"Steal, 0-10 s",0.063,0.7090000000000001,0.509,0.75,0.11800000000000001,0.231,0.373,0.537,2017-18
"Steal, 11-30 s",0.033,0.517,0.32799999999999996,0.579,0.293,0.41200000000000003,0.379,0.364,2017-18
Transition,0.251,0.611,0.441,0.682,0.12,0.321,0.439,0.41200000000000003,2017-18
