start_of_poss,percent_of_initial_attempts,e_fg_percent,percent_shots_at_rim,fg_percent_at_rim,percent_shots_2pt_jumpers,fg_percent_2pt_jumpers,percent_shots_3pt,fg_percent_3pt,season,team
"Rebound, 0-10 s",0.139,0.48100000000000004,0.301,0.585,0.26899999999999996,0.36200000000000004,0.431,0.32299999999999995,2017-18,IdahoSt.
"Rebound, 11-30 s",0.20600000000000002,0.52,0.252,0.568,0.414,0.45899999999999996,0.33299999999999996,0.374,2017-18,IdahoSt.
"Score, 0-10 s",0.043,0.493,0.22399999999999998,0.733,0.26899999999999996,0.389,0.507,0.294,2017-18,IdahoSt.
"Score, 11-30 s",0.39299999999999996,0.521,0.242,0.649,0.415,0.45299999999999996,0.34299999999999997,0.34299999999999997,2017-18,IdahoSt.
"Steal, 0-10 s",0.061,0.5,0.5579999999999999,0.604,0.179,0.294,0.263,0.28,2017-18,IdahoSt.
"Steal, 11-30 s",0.027000000000000003,0.35700000000000004,0.23800000000000002,0.4,0.5710000000000001,0.33299999999999996,0.19,0.25,2017-18,IdahoSt.
Transition,0.243,0.488,0.35200000000000004,0.609,0.24600000000000002,0.355,0.402,0.309,2017-18,IdahoSt.
