start_of_poss,percent_of_initial_attempts,e_fg_percent,percent_shots_at_rim,fg_percent_at_rim,percent_shots_2pt_jumpers,fg_percent_2pt_jumpers,percent_shots_3pt,fg_percent_3pt,season,team
"Rebound, 0-10 s",0.115,0.527,0.41600000000000004,0.551,0.157,0.462,0.428,0.35200000000000004,2013-14,Bethune-Cookman
"Rebound, 11-30 s",0.188,0.452,0.293,0.44299999999999995,0.29600000000000004,0.33799999999999997,0.41100000000000003,0.36,2013-14,Bethune-Cookman
"Opp score, 0-10 s",0.052000000000000005,0.4,0.36,0.48100000000000004,0.2,0.133,0.44,0.303,2013-14,Bethune-Cookman
"Opp score, 11-30 s",0.426,0.43,0.332,0.377,0.285,0.331,0.38299999999999995,0.366,2013-14,Bethune-Cookman
"Steal, 0-10 s",0.069,0.6,0.7,0.614,0.09,0.222,0.21,0.47600000000000003,2013-14,Bethune-Cookman
"Steal, 11-30 s",0.026000000000000002,0.408,0.289,0.636,0.316,0.33299999999999996,0.395,0.2,2013-14,Bethune-Cookman
Transition,0.237,0.521,0.48700000000000004,0.5660000000000001,0.147,0.32,0.36700000000000005,0.36,2013-14,Bethune-Cookman
