start_of_poss,percent_of_initial_attempts,e_fg_percent,percent_shots_at_rim,fg_percent_at_rim,percent_shots_2pt_jumpers,fg_percent_2pt_jumpers,percent_shots_3pt,fg_percent_3pt,season,team
"Rebound, 0-10 s",0.142,0.51,0.494,0.529,0.17800000000000002,0.27899999999999997,0.32799999999999996,0.405,2013-14,SaintJoseph's
"Rebound, 11-30 s",0.205,0.506,0.312,0.514,0.33,0.33,0.358,0.44,2013-14,SaintJoseph's
"Score, 0-10 s",0.061,0.462,0.26,0.7040000000000001,0.221,0.217,0.519,0.29600000000000004,2013-14,SaintJoseph's
"Score, 11-30 s",0.386,0.40299999999999997,0.255,0.5479999999999999,0.366,0.295,0.37799999999999995,0.273,2013-14,SaintJoseph's
"Steal, 0-10 s",0.08,0.665,0.721,0.684,0.11800000000000001,0.625,0.162,0.409,2013-14,SaintJoseph's
"Steal, 11-30 s",0.022000000000000002,0.6970000000000001,0.21100000000000002,0.875,0.342,0.462,0.447,0.529,2013-14,SaintJoseph's
Transition,0.282,0.544,0.507,0.611,0.17,0.32899999999999996,0.322,0.368,2013-14,SaintJoseph's
