start_of_poss,percent_of_initial_attempts,e_fg_percent,percent_shots_at_rim,fg_percent_at_rim,percent_shots_2pt_jumpers,fg_percent_2pt_jumpers,percent_shots_3pt,fg_percent_3pt,season,team
"Rebound, 0-10 s",0.166,0.5670000000000001,0.35700000000000004,0.6459999999999999,0.26,0.33299999999999996,0.38299999999999995,0.434,2016-17,CentralArk.
"Rebound, 11-30 s",0.172,0.387,0.28600000000000003,0.488,0.415,0.244,0.3,0.326,2016-17,CentralArk.
"Opp score, 0-10 s",0.109,0.431,0.368,0.537,0.28,0.33299999999999996,0.35200000000000004,0.266,2016-17,CentralArk.
"Opp score, 11-30 s",0.385,0.466,0.23199999999999998,0.51,0.435,0.38,0.332,0.366,2016-17,CentralArk.
"Steal, 0-10 s",0.057999999999999996,0.649,0.619,0.7170000000000001,0.18600000000000003,0.444,0.196,0.42100000000000004,2016-17,CentralArk.
"Steal, 11-30 s",0.013000000000000001,0.591,0.182,0.75,0.545,0.583,0.273,0.33299999999999996,2016-17,CentralArk.
Transition,0.33399999999999996,0.537,0.406,0.633,0.254,0.348,0.34,0.376,2016-17,CentralArk.
