shot_type,percent_of_shots,fg_percent,percent_of_shots_blocked,unblocked_fg_percent,season
At Rim,0.314,0.561,0.18,0.684,2012-13
2pt Jumpers,0.24600000000000002,0.36200000000000004,0.115,0.408,2012-13
3pt Shots,0.441,0.299,0.028999999999999998,0.308,2012-13
