start_of_poss,percent_of_initial_attempts,e_fg_percent,percent_shots_at_rim,fg_percent_at_rim,percent_shots_2pt_jumpers,fg_percent_2pt_jumpers,percent_shots_3pt,fg_percent_3pt,season
"Rebound, 0-10 s",0.156,0.619,0.35600000000000004,0.657,0.16899999999999998,0.298,0.475,0.47,2015-16
"Rebound, 11-30 s",0.203,0.442,0.302,0.56,0.363,0.305,0.335,0.322,2015-16
"Opp score, 0-10 s",0.07400000000000001,0.58,0.35100000000000003,0.5,0.191,0.56,0.45799999999999996,0.433,2015-16
"Opp score, 11-30 s",0.381,0.488,0.309,0.5670000000000001,0.325,0.35700000000000004,0.365,0.359,2015-16
"Steal, 0-10 s",0.061,0.606,0.633,0.609,0.10099999999999999,0.273,0.266,0.483,2015-16
"Steal, 11-30 s",0.025,0.5,0.489,0.545,0.156,0,0.35600000000000004,0.43799999999999994,2015-16
Transition,0.29100000000000004,0.606,0.413,0.607,0.16,0.373,0.42700000000000005,0.462,2015-16
