start_of_poss,percent_of_initial_attempts,e_fg_percent,percent_shots_at_rim,fg_percent_at_rim,percent_shots_2pt_jumpers,fg_percent_2pt_jumpers,percent_shots_3pt,fg_percent_3pt,season,team
"Rebound, 0-10 s",0.09300000000000001,0.54,0.40299999999999997,0.5670000000000001,0.215,0.375,0.38299999999999995,0.40399999999999997,2017-18,Montana
"Rebound, 11-30 s",0.22699999999999998,0.48,0.29,0.547,0.38,0.381,0.331,0.355,2017-18,Montana
"Score, 0-10 s",0.068,0.46299999999999997,0.376,0.537,0.20199999999999999,0.545,0.42200000000000004,0.239,2017-18,Montana
"Score, 11-30 s",0.43799999999999994,0.48,0.282,0.5479999999999999,0.39399999999999996,0.37799999999999995,0.32299999999999995,0.364,2017-18,Montana
"Steal, 0-10 s",0.043,0.5429999999999999,0.5429999999999999,0.5529999999999999,0.14300000000000002,0.5,0.314,0.364,2017-18,Montana
"Steal, 11-30 s",0.021,0.5,0.324,0.455,0.41200000000000003,0.214,0.265,0.667,2017-18,Montana
Transition,0.204,0.515,0.424,0.5539999999999999,0.195,0.45299999999999996,0.381,0.336,2017-18,Montana
