start_of_poss,percent_of_initial_attempts,e_fg_percent,percent_shots_at_rim,fg_percent_at_rim,percent_shots_2pt_jumpers,fg_percent_2pt_jumpers,percent_shots_3pt,fg_percent_3pt,season
"Rebound, 0-10 s",0.134,0.581,0.46399999999999997,0.701,0.153,0.406,0.38299999999999995,0.33799999999999997,2011-12
"Rebound, 11-30 s",0.19899999999999998,0.49,0.376,0.556,0.32799999999999996,0.373,0.29600000000000004,0.359,2011-12
"Opp score, 0-10 s",0.051,0.57,0.456,0.583,0.10099999999999999,0.375,0.44299999999999995,0.4,2011-12
"Opp score, 11-30 s",0.37200000000000005,0.455,0.311,0.525,0.306,0.348,0.38299999999999995,0.32299999999999995,2011-12
"Steal, 0-10 s",0.08800000000000001,0.634,0.746,0.738,0.11599999999999999,0.25,0.138,0.263,2011-12
"Steal, 11-30 s",0.027000000000000003,0.45299999999999996,0.302,0.385,0.256,0.636,0.442,0.263,2011-12
Transition,0.272,0.596,0.5539999999999999,0.6990000000000001,0.131,0.35700000000000004,0.315,0.34299999999999997,2011-12
