start_of_poss,percent_of_initial_attempts,e_fg_percent,percent_shots_at_rim,fg_percent_at_rim,percent_shots_2pt_jumpers,fg_percent_2pt_jumpers,percent_shots_3pt,fg_percent_3pt,season,team
"Rebound, 0-10 s",0.151,0.498,0.442,0.615,0.127,0.28600000000000003,0.431,0.294,2018-19,FIU
"Rebound, 11-30 s",0.228,0.49,0.385,0.506,0.22399999999999998,0.387,0.392,0.35600000000000004,2018-19,FIU
"Score, 0-10 s",0.069,0.595,0.43700000000000006,0.5820000000000001,0.14300000000000002,0.556,0.42100000000000004,0.415,2018-19,FIU
"Score, 11-30 s",0.35600000000000004,0.489,0.391,0.5870000000000001,0.21600000000000003,0.379,0.39299999999999996,0.302,2018-19,FIU
"Steal, 0-10 s",0.066,0.55,0.653,0.633,0.07400000000000001,0.33299999999999996,0.273,0.273,2018-19,FIU
"Steal, 11-30 s",0.027000000000000003,0.255,0.36700000000000005,0.389,0.22399999999999998,0.091,0.408,0.15,2018-19,FIU
Transition,0.287,0.5329999999999999,0.489,0.613,0.11900000000000001,0.371,0.392,0.322,2018-19,FIU
