start_of_poss,percent_of_initial_attempts,e_fg_percent,percent_shots_at_rim,fg_percent_at_rim,percent_shots_2pt_jumpers,fg_percent_2pt_jumpers,percent_shots_3pt,fg_percent_3pt,season
"Rebound, 0-10 s",0.135,0.53,0.384,0.602,0.19,0.293,0.426,0.38,2014-15
"Rebound, 11-30 s",0.245,0.44299999999999995,0.272,0.542,0.354,0.295,0.374,0.34,2014-15
"Opp score, 0-10 s",0.039,0.508,0.435,0.593,0.113,0.28600000000000003,0.452,0.321,2014-15
"Opp score, 11-30 s",0.382,0.489,0.23199999999999998,0.613,0.34700000000000003,0.392,0.42100000000000004,0.335,2014-15
"Steal, 0-10 s",0.053,0.7240000000000001,0.529,0.7559999999999999,0.17600000000000002,0.5329999999999999,0.294,0.52,2014-15
"Steal, 11-30 s",0.026000000000000002,0.415,0.22,0.778,0.415,0.235,0.366,0.267,2014-15
Transition,0.22699999999999998,0.5720000000000001,0.42700000000000005,0.645,0.174,0.349,0.39899999999999997,0.39299999999999996,2014-15
