start_of_poss,percent_of_initial_attempts,e_fg_percent,percent_shots_at_rim,fg_percent_at_rim,percent_shots_2pt_jumpers,fg_percent_2pt_jumpers,percent_shots_3pt,fg_percent_3pt,season,team
"Rebound, 0-10 s",0.122,0.519,0.451,0.578,0.293,0.519,0.255,0.27699999999999997,2011-12,Liberty
"Rebound, 11-30 s",0.22699999999999998,0.45899999999999996,0.294,0.5539999999999999,0.446,0.39899999999999997,0.259,0.303,2011-12,Liberty
"Opp score, 0-10 s",0.059000000000000004,0.47200000000000003,0.461,0.561,0.281,0.4,0.258,0.261,2011-12,Liberty
"Opp score, 11-30 s",0.395,0.48700000000000004,0.29100000000000004,0.54,0.47600000000000003,0.45399999999999996,0.233,0.324,2011-12,Liberty
"Steal, 0-10 s",0.062,0.5479999999999999,0.649,0.623,0.255,0.375,0.096,0.33299999999999996,2011-12,Liberty
"Steal, 11-30 s",0.02,0.467,0.4,0.5,0.6,0.444,0,NA,2011-12,Liberty
Transition,0.243,0.515,0.504,0.589,0.281,0.456,0.215,0.278,2011-12,Liberty
