start_of_poss,percent_of_initial_attempts,e_fg_percent,percent_shots_at_rim,fg_percent_at_rim,percent_shots_2pt_jumpers,fg_percent_2pt_jumpers,percent_shots_3pt,fg_percent_3pt,season,team
"Rebound, 0-10 s",0.17,0.498,0.293,0.616,0.276,0.284,0.43200000000000005,0.37,2019-20,Hofstra
"Rebound, 11-30 s",0.18,0.519,0.299,0.6559999999999999,0.33799999999999997,0.314,0.363,0.39799999999999996,2019-20,Hofstra
"Opp score, 0-10 s",0.055999999999999994,0.613,0.35100000000000003,0.794,0.20600000000000002,0.5,0.44299999999999995,0.349,2019-20,Hofstra
"Opp score, 11-30 s",0.38,0.486,0.253,0.5539999999999999,0.327,0.381,0.42,0.35100000000000003,2019-20,Hofstra
"Steal, 0-10 s",0.061,0.623,0.594,0.619,0.16,0.529,0.245,0.462,2019-20,Hofstra
"Steal, 11-30 s",0.019,0.5,0.242,0.625,0.364,0.33299999999999996,0.39399999999999996,0.385,2019-20,Hofstra
Transition,0.287,0.547,0.368,0.65,0.237,0.35600000000000004,0.39399999999999996,0.37799999999999995,2019-20,Hofstra
