start_of_poss,percent_of_initial_attempts,e_fg_percent,percent_shots_at_rim,fg_percent_at_rim,percent_shots_2pt_jumpers,fg_percent_2pt_jumpers,percent_shots_3pt,fg_percent_3pt,season
"Rebound, 0-10 s",0.17600000000000002,0.43,0.35700000000000004,0.5489999999999999,0.196,0.28600000000000003,0.44799999999999995,0.266,2019-20
"Rebound, 11-30 s",0.162,0.498,0.361,0.568,0.23600000000000002,0.32299999999999995,0.40299999999999997,0.358,2019-20
"Score, 0-10 s",0.055999999999999994,0.5820000000000001,0.396,0.667,0.121,0.182,0.484,0.409,2019-20
"Score, 11-30 s",0.385,0.48100000000000004,0.322,0.5820000000000001,0.23600000000000002,0.38799999999999996,0.442,0.304,2019-20
"Steal, 0-10 s",0.052000000000000005,0.706,0.612,0.769,0.08199999999999999,0.28600000000000003,0.306,0.462,2019-20
"Steal, 11-30 s",0.016,0.6729999999999999,0.26899999999999996,0.857,0.462,0.33299999999999996,0.26899999999999996,0.7140000000000001,2019-20
Transition,0.285,0.511,0.41100000000000003,0.632,0.16,0.27,0.429,0.32299999999999995,2019-20
