start_of_poss,percent_of_initial_attempts,e_fg_percent,percent_shots_at_rim,fg_percent_at_rim,percent_shots_2pt_jumpers,fg_percent_2pt_jumpers,percent_shots_3pt,fg_percent_3pt,season,team
"Rebound, 0-10 s",0.099,0.486,0.336,0.542,0.23800000000000002,0.353,0.42700000000000005,0.344,2014-15,Rice
"Rebound, 11-30 s",0.251,0.489,0.282,0.5489999999999999,0.381,0.377,0.337,0.377,2014-15,Rice
"Score, 0-10 s",0.039,0.42,0.268,0.6,0.33899999999999997,0.526,0.39299999999999996,0.136,2014-15,Rice
"Score, 11-30 s",0.37,0.48,0.272,0.614,0.361,0.301,0.36700000000000005,0.37200000000000005,2014-15,Rice
"Steal, 0-10 s",0.076,0.6970000000000001,0.725,0.785,0.165,0.444,0.11,0.33299999999999996,2014-15,Rice
"Steal, 11-30 s",0.031,0.544,0.311,0.7140000000000001,0.467,0.47600000000000003,0.222,0.3,2014-15,Rice
Transition,0.214,0.5489999999999999,0.461,0.6829999999999999,0.231,0.423,0.308,0.295,2014-15,Rice
