start_of_poss,percent_of_initial_attempts,e_fg_percent,percent_shots_at_rim,fg_percent_at_rim,percent_shots_2pt_jumpers,fg_percent_2pt_jumpers,percent_shots_3pt,fg_percent_3pt,season
"Rebound, 0-10 s",0.122,0.49700000000000005,0.311,0.61,0.179,0.265,0.511,0.34,2018-19
"Rebound, 11-30 s",0.222,0.47,0.28,0.639,0.309,0.308,0.41,0.317,2018-19
"Score, 0-10 s",0.053,0.494,0.337,0.536,0.217,0.444,0.446,0.324,2018-19
"Score, 11-30 s",0.397,0.498,0.251,0.652,0.314,0.381,0.434,0.32799999999999996,2018-19
"Steal, 0-10 s",0.057999999999999996,0.6890000000000001,0.622,0.696,0.122,0.455,0.256,0.522,2018-19
"Steal, 11-30 s",0.025,0.5770000000000001,0.256,0.7,0.33299999999999996,0.385,0.41,0.43799999999999994,2018-19
Transition,0.233,0.544,0.39399999999999996,0.629,0.174,0.349,0.433,0.363,2018-19
