start_of_poss,percent_of_initial_attempts,e_fg_percent,percent_shots_at_rim,fg_percent_at_rim,percent_shots_2pt_jumpers,fg_percent_2pt_jumpers,percent_shots_3pt,fg_percent_3pt,season,team
"Rebound, 0-10 s",0.11199999999999999,0.561,0.345,0.7290000000000001,0.23399999999999999,0.35,0.42100000000000004,0.361,2011-12,IndianaSt.
"Rebound, 11-30 s",0.243,0.449,0.20800000000000002,0.675,0.495,0.344,0.297,0.309,2011-12,IndianaSt.
"Opp score, 0-10 s",0.044000000000000004,0.306,0.19399999999999998,0.5379999999999999,0.10400000000000001,0.429,0.701,0.149,2011-12,IndianaSt.
"Opp score, 11-30 s",0.384,0.455,0.24,0.536,0.425,0.35100000000000003,0.33399999999999996,0.354,2011-12,IndianaSt.
"Steal, 0-10 s",0.067,0.539,0.598,0.574,0.098,0.5,0.304,0.32299999999999995,2011-12,IndianaSt.
"Steal, 11-30 s",0.027999999999999997,0.512,0.233,0.8,0.233,0.2,0.535,0.348,2011-12,IndianaSt.
Transition,0.22399999999999998,0.504,0.391,0.639,0.168,0.386,0.441,0.287,2011-12,IndianaSt.
