start_of_poss,percent_of_initial_attempts,e_fg_percent,percent_shots_at_rim,fg_percent_at_rim,percent_shots_2pt_jumpers,fg_percent_2pt_jumpers,percent_shots_3pt,fg_percent_3pt,season,team
"Rebound, 0-10 s",0.136,0.514,0.29,0.6559999999999999,0.22399999999999998,0.23399999999999999,0.486,0.373,2012-13,LSU
"Rebound, 11-30 s",0.201,0.47700000000000004,0.175,0.759,0.469,0.31,0.35600000000000004,0.373,2012-13,LSU
"Opp score, 0-10 s",0.061,0.457,0.266,0.6,0.27699999999999997,0.26899999999999996,0.457,0.326,2012-13,LSU
"Opp score, 11-30 s",0.35700000000000004,0.45299999999999996,0.16699999999999998,0.674,0.451,0.306,0.382,0.35200000000000004,2012-13,LSU
"Steal, 0-10 s",0.105,0.623,0.586,0.747,0.198,0.375,0.21600000000000003,0.34299999999999997,2012-13,LSU
"Steal, 11-30 s",0.04,0.516,0.19699999999999998,0.75,0.45899999999999996,0.429,0.344,0.33299999999999996,2012-13,LSU
Transition,0.303,0.541,0.38799999999999996,0.696,0.225,0.28600000000000003,0.386,0.35600000000000004,2012-13,LSU
