start_of_poss,percent_of_initial_attempts,e_fg_percent,percent_shots_at_rim,fg_percent_at_rim,percent_shots_2pt_jumpers,fg_percent_2pt_jumpers,percent_shots_3pt,fg_percent_3pt,season,team
"Rebound, 0-10 s",0.135,0.57,0.396,0.6990000000000001,0.26,0.44299999999999995,0.345,0.34600000000000003,2017-18,Arizona
"Rebound, 11-30 s",0.243,0.595,0.276,0.672,0.397,0.503,0.32799999999999996,0.428,2017-18,Arizona
"Opp score, 0-10 s",0.033,0.605,0.263,0.667,0.281,0.312,0.456,0.5,2017-18,Arizona
"Opp score, 11-30 s",0.413,0.515,0.249,0.713,0.39,0.42700000000000005,0.36200000000000004,0.317,2017-18,Arizona
"Steal, 0-10 s",0.051,0.635,0.629,0.732,0.18,0.312,0.191,0.41200000000000003,2017-18,Arizona
"Steal, 11-30 s",0.016,0.444,0.33299999999999996,0.222,0.37,0.4,0.29600000000000004,0.5,2017-18,Arizona
Transition,0.22,0.591,0.43,0.7070000000000001,0.244,0.39799999999999996,0.325,0.387,2017-18,Arizona
