start_of_poss,percent_of_initial_attempts,e_fg_percent,percent_shots_at_rim,fg_percent_at_rim,percent_shots_2pt_jumpers,fg_percent_2pt_jumpers,percent_shots_3pt,fg_percent_3pt,season
"Rebound, 0-10 s",0.13699999999999998,0.563,0.516,0.7040000000000001,0.166,0.35100000000000003,0.318,0.29600000000000004,2011-12
"Rebound, 11-30 s",0.18100000000000002,0.469,0.271,0.688,0.302,0.382,0.42700000000000005,0.262,2011-12
"Opp score, 0-10 s",0.071,0.526,0.44799999999999995,0.654,0.138,0.188,0.414,0.33299999999999996,2011-12
"Opp score, 11-30 s",0.37,0.511,0.36,0.594,0.284,0.31,0.35700000000000004,0.391,2011-12
"Steal, 0-10 s",0.052000000000000005,0.6729999999999999,0.631,0.7170000000000001,0.16699999999999998,0.35700000000000004,0.20199999999999999,0.529,2011-12
"Steal, 11-30 s",0.027999999999999997,0.633,0.311,0.7140000000000001,0.33299999999999996,0.33299999999999996,0.35600000000000004,0.562,2011-12
Transition,0.26,0.574,0.52,0.695,0.158,0.313,0.322,0.33799999999999997,2011-12
