start_of_poss,percent_of_initial_attempts,e_fg_percent,percent_shots_at_rim,fg_percent_at_rim,percent_shots_2pt_jumpers,fg_percent_2pt_jumpers,percent_shots_3pt,fg_percent_3pt,season,team
"Rebound, 0-10 s",0.14400000000000002,0.5870000000000001,0.456,0.636,0.149,0.361,0.39399999999999996,0.41100000000000003,2017-18,BowlingGreen
"Rebound, 11-30 s",0.20800000000000002,0.445,0.345,0.467,0.273,0.316,0.382,0.34600000000000003,2017-18,BowlingGreen
"Opp score, 0-10 s",0.051,0.541,0.349,0.5670000000000001,0.174,0.467,0.47700000000000004,0.366,2017-18,BowlingGreen
"Opp score, 11-30 s",0.40700000000000003,0.444,0.311,0.519,0.314,0.299,0.375,0.336,2017-18,BowlingGreen
"Steal, 0-10 s",0.064,0.509,0.617,0.606,0.131,0.28600000000000003,0.252,0.259,2017-18,BowlingGreen
"Steal, 11-30 s",0.016,0.35200000000000004,0.33299999999999996,0.33299999999999996,0.29600000000000004,0.25,0.37,0.3,2017-18,BowlingGreen
Transition,0.259,0.5589999999999999,0.475,0.617,0.15,0.369,0.376,0.374,2017-18,BowlingGreen
