start_of_poss,percent_of_initial_attempts,e_fg_percent,percent_shots_at_rim,fg_percent_at_rim,percent_shots_2pt_jumpers,fg_percent_2pt_jumpers,percent_shots_3pt,fg_percent_3pt,season
"Rebound, 0-10 s",0.11699999999999999,0.564,0.33899999999999997,0.643,0.212,0.429,0.44799999999999995,0.37799999999999995,2014-15
"Rebound, 11-30 s",0.251,0.49200000000000005,0.278,0.612,0.28300000000000003,0.34,0.439,0.342,2014-15
"Score, 0-10 s",0.055,0.623,0.33799999999999997,0.6920000000000001,0.182,0.643,0.48100000000000004,0.37799999999999995,2014-15
"Score, 11-30 s",0.365,0.503,0.265,0.588,0.26899999999999996,0.39899999999999997,0.466,0.34299999999999997,2014-15
"Steal, 0-10 s",0.065,0.696,0.62,0.772,0.152,0.35700000000000004,0.228,0.47600000000000003,2014-15
"Steal, 11-30 s",0.031,0.523,0.341,0.667,0.205,0.444,0.455,0.3,2014-15
Transition,0.23800000000000002,0.614,0.41600000000000004,0.705,0.18899999999999997,0.46,0.395,0.39399999999999996,2014-15
