start_of_poss,percent_of_initial_attempts,e_fg_percent,percent_shots_at_rim,fg_percent_at_rim,percent_shots_2pt_jumpers,fg_percent_2pt_jumpers,percent_shots_3pt,fg_percent_3pt,season,team
"Rebound, 0-10 s",0.111,0.515,0.442,0.47200000000000003,0.16,0.308,0.39899999999999997,0.431,2014-15,Georgetown
"Rebound, 11-30 s",0.203,0.435,0.326,0.402,0.319,0.242,0.35600000000000004,0.425,2014-15,Georgetown
"Score, 0-10 s",0.052000000000000005,0.474,0.32899999999999996,0.64,0.237,0.444,0.434,0.242,2014-15,Georgetown
"Score, 11-30 s",0.42100000000000004,0.465,0.32899999999999996,0.532,0.3,0.28600000000000003,0.371,0.36700000000000005,2014-15,Georgetown
"Steal, 0-10 s",0.057,0.596,0.6509999999999999,0.63,0.084,0.28600000000000003,0.265,0.409,2014-15,Georgetown
"Steal, 11-30 s",0.038,0.509,0.29100000000000004,0.375,0.29100000000000004,0.43799999999999994,0.418,0.435,2014-15,Georgetown
Transition,0.22,0.526,0.469,0.556,0.158,0.353,0.373,0.375,2014-15,Georgetown
