start_of_poss,percent_of_initial_attempts,e_fg_percent,percent_shots_at_rim,fg_percent_at_rim,percent_shots_2pt_jumpers,fg_percent_2pt_jumpers,percent_shots_3pt,fg_percent_3pt,season,team
"Rebound, 0-10 s",0.11,0.496,0.423,0.534,0.27699999999999997,0.42100000000000004,0.299,0.341,2015-16,SouthernIll.
"Rebound, 11-30 s",0.233,0.524,0.298,0.517,0.342,0.42,0.36,0.419,2015-16,SouthernIll.
"Opp score, 0-10 s",0.049,0.508,0.41,0.64,0.295,0.33299999999999996,0.295,0.33299999999999996,2015-16,SouthernIll.
"Opp score, 11-30 s",0.386,0.47,0.28600000000000003,0.58,0.344,0.34299999999999997,0.371,0.335,2015-16,SouthernIll.
"Steal, 0-10 s",0.081,0.6829999999999999,0.703,0.718,0.158,0.375,0.139,0.5710000000000001,2015-16,SouthernIll.
"Steal, 11-30 s",0.022000000000000002,0.37,0.37,0.4,0.37,0.3,0.259,0.28600000000000003,2015-16,SouthernIll.
Transition,0.239,0.562,0.515,0.636,0.24100000000000002,0.389,0.244,0.384,2015-16,SouthernIll.
