start_of_poss,percent_of_initial_attempts,e_fg_percent,percent_shots_at_rim,fg_percent_at_rim,percent_shots_2pt_jumpers,fg_percent_2pt_jumpers,percent_shots_3pt,fg_percent_3pt,season
"Rebound, 0-10 s",0.142,0.442,0.313,0.605,0.251,0.24600000000000002,0.436,0.292,2011-12
"Rebound, 11-30 s",0.17800000000000002,0.47,0.243,0.541,0.332,0.366,0.424,0.341,2011-12
"Opp score, 0-10 s",0.066,0.41600000000000004,0.292,0.5760000000000001,0.28300000000000003,0.312,0.425,0.25,2011-12
"Opp score, 11-30 s",0.374,0.479,0.22699999999999998,0.5720000000000001,0.353,0.345,0.42,0.361,2011-12
"Steal, 0-10 s",0.084,0.605,0.483,0.696,0.203,0.44799999999999995,0.315,0.37799999999999995,2011-12
"Steal, 11-30 s",0.018000000000000002,0.4,0.16699999999999998,0.8,0.4,0.41700000000000004,0.433,0.154,2011-12
Transition,0.292,0.483,0.35700000000000004,0.635,0.244,0.311,0.39899999999999997,0.302,2011-12
