start_of_poss,percent_of_initial_attempts,e_fg_percent,percent_shots_at_rim,fg_percent_at_rim,percent_shots_2pt_jumpers,fg_percent_2pt_jumpers,percent_shots_3pt,fg_percent_3pt,season,team
"Rebound, 0-10 s",0.10300000000000001,0.519,0.266,0.659,0.20800000000000002,0.344,0.526,0.34600000000000003,2018-19,MissouriSt.
"Rebound, 11-30 s",0.23800000000000002,0.451,0.21100000000000002,0.5870000000000001,0.41600000000000004,0.37200000000000005,0.374,0.308,2018-19,MissouriSt.
"Opp score, 0-10 s",0.033,0.633,0.34700000000000003,0.8240000000000001,0.265,0.385,0.38799999999999996,0.42100000000000004,2018-19,MissouriSt.
"Opp score, 11-30 s",0.40299999999999997,0.53,0.248,0.6579999999999999,0.349,0.395,0.40399999999999997,0.379,2018-19,MissouriSt.
"Steal, 0-10 s",0.068,0.629,0.594,0.8170000000000001,0.129,0.5379999999999999,0.27699999999999997,0.179,2018-19,MissouriSt.
"Steal, 11-30 s",0.031,0.62,0.174,0.5,0.5429999999999999,0.44,0.28300000000000003,0.6920000000000001,2018-19,MissouriSt.
Transition,0.203,0.574,0.38799999999999996,0.763,0.191,0.397,0.42100000000000004,0.32,2018-19,MissouriSt.
