start_of_poss,percent_of_initial_attempts,e_fg_percent,percent_shots_at_rim,fg_percent_at_rim,percent_shots_2pt_jumpers,fg_percent_2pt_jumpers,percent_shots_3pt,fg_percent_3pt,season
"Rebound, 0-10 s",0.132,0.484,0.46,0.557,0.2,0.42,0.34,0.282,2017-18
"Rebound, 11-30 s",0.239,0.445,0.29600000000000004,0.545,0.364,0.38799999999999996,0.34,0.27899999999999997,2017-18
"Score, 0-10 s",0.047,0.4,0.311,0.429,0.278,0.48,0.41100000000000003,0.21600000000000003,2017-18
"Score, 11-30 s",0.385,0.498,0.303,0.588,0.37,0.37,0.327,0.37200000000000005,2017-18
"Steal, 0-10 s",0.063,0.6759999999999999,0.63,0.64,0.109,0.5379999999999999,0.261,0.5479999999999999,2017-18
"Steal, 11-30 s",0.024,0.5870000000000001,0.261,0.75,0.413,0.316,0.326,0.5329999999999999,2017-18
Transition,0.242,0.517,0.475,0.569,0.192,0.455,0.33299999999999996,0.32,2017-18
