start_of_poss,percent_of_initial_attempts,e_fg_percent,percent_shots_at_rim,fg_percent_at_rim,percent_shots_2pt_jumpers,fg_percent_2pt_jumpers,percent_shots_3pt,fg_percent_3pt,season
"Rebound, 0-10 s",0.149,0.5579999999999999,0.369,0.581,0.23600000000000002,0.418,0.395,0.413,2011-12
"Rebound, 11-30 s",0.222,0.446,0.252,0.534,0.36700000000000005,0.273,0.381,0.368,2011-12
"Score, 0-10 s",0.08199999999999999,0.531,0.344,0.659,0.305,0.385,0.35200000000000004,0.35600000000000004,2011-12
"Score, 11-30 s",0.325,0.483,0.247,0.5479999999999999,0.41,0.34,0.34299999999999997,0.406,2011-12
"Steal, 0-10 s",0.062,0.5720000000000001,0.505,0.6940000000000001,0.268,0.308,0.22699999999999998,0.409,2011-12
"Steal, 11-30 s",0.027999999999999997,0.466,0.25,0.636,0.455,0.3,0.295,0.385,2011-12
Transition,0.292,0.5529999999999999,0.391,0.631,0.262,0.38299999999999995,0.34700000000000003,0.396,2011-12
