start_of_poss,percent_of_initial_attempts,e_fg_percent,percent_shots_at_rim,fg_percent_at_rim,percent_shots_2pt_jumpers,fg_percent_2pt_jumpers,percent_shots_3pt,fg_percent_3pt,season
"Rebound, 0-10 s",0.159,0.493,0.39899999999999997,0.593,0.185,0.34,0.41700000000000004,0.31,2011-12
"Rebound, 11-30 s",0.17600000000000002,0.43799999999999994,0.297,0.483,0.287,0.27899999999999997,0.41700000000000004,0.344,2011-12
"Opp score, 0-10 s",0.065,0.48200000000000004,0.345,0.579,0.209,0.304,0.445,0.327,2011-12
"Opp score, 11-30 s",0.34299999999999997,0.442,0.314,0.486,0.278,0.235,0.408,0.366,2011-12
"Steal, 0-10 s",0.092,0.596,0.622,0.701,0.147,0.304,0.231,0.33299999999999996,2011-12
"Steal, 11-30 s",0.034,0.40399999999999997,0.24600000000000002,0.5710000000000001,0.24600000000000002,0.429,0.509,0.207,2011-12
Transition,0.316,0.52,0.45299999999999996,0.634,0.179,0.32299999999999995,0.369,0.318,2011-12
