start_of_poss,percent_of_initial_attempts,e_fg_percent,percent_shots_at_rim,fg_percent_at_rim,percent_shots_2pt_jumpers,fg_percent_2pt_jumpers,percent_shots_3pt,fg_percent_3pt,season,team
"Rebound, 0-10 s",0.133,0.517,0.371,0.6579999999999999,0.22899999999999998,0.489,0.4,0.268,2013-14,Nevada
"Rebound, 11-30 s",0.22399999999999998,0.496,0.265,0.6809999999999999,0.326,0.33899999999999997,0.41,0.33299999999999996,2013-14,Nevada
"Score, 0-10 s",0.053,0.525,0.321,0.654,0.247,0.6,0.43200000000000005,0.257,2013-14,Nevada
"Score, 11-30 s",0.41200000000000003,0.494,0.24100000000000002,0.569,0.379,0.379,0.38,0.373,2013-14,Nevada
"Steal, 0-10 s",0.049,0.647,0.64,0.6459999999999999,0.12,0.444,0.24,0.5,2013-14,Nevada
"Steal, 11-30 s",0.018000000000000002,0.5710000000000001,0.321,0.889,0.429,0.41700000000000004,0.25,0.28600000000000003,2013-14,Nevada
Transition,0.235,0.546,0.41600000000000004,0.653,0.21100000000000002,0.513,0.374,0.29600000000000004,2013-14,Nevada
