start_of_poss,percent_of_initial_attempts,e_fg_percent,percent_shots_at_rim,fg_percent_at_rim,percent_shots_2pt_jumpers,fg_percent_2pt_jumpers,percent_shots_3pt,fg_percent_3pt,season
"Rebound, 0-10 s",0.11,0.461,0.358,0.5589999999999999,0.237,0.133,0.405,0.377,2012-13
"Rebound, 11-30 s",0.18100000000000002,0.425,0.23600000000000002,0.527,0.38,0.311,0.38299999999999995,0.317,2012-13
"Score, 0-10 s",0.061,0.51,0.21899999999999997,0.652,0.324,0.382,0.457,0.354,2012-13
"Score, 11-30 s",0.435,0.419,0.21,0.513,0.418,0.33,0.37200000000000005,0.311,2012-13
"Steal, 0-10 s",0.064,0.6409999999999999,0.655,0.792,0.136,0.6,0.209,0.13,2012-13
"Steal, 11-30 s",0.03,0.5870000000000001,0.26899999999999996,0.429,0.327,0.294,0.40399999999999997,0.619,2012-13
Transition,0.23399999999999999,0.522,0.402,0.675,0.23199999999999998,0.298,0.365,0.331,2012-13
