start_of_poss,percent_of_initial_attempts,e_fg_percent,percent_shots_at_rim,fg_percent_at_rim,percent_shots_2pt_jumpers,fg_percent_2pt_jumpers,percent_shots_3pt,fg_percent_3pt,season,team
"Rebound, 0-10 s",0.158,0.534,0.475,0.632,0.171,0.33299999999999996,0.354,0.33299999999999996,2015-16,EasternMich.
"Rebound, 11-30 s",0.185,0.446,0.325,0.56,0.33399999999999996,0.311,0.341,0.314,2015-16,EasternMich.
"Opp score, 0-10 s",0.057999999999999996,0.44799999999999995,0.344,0.606,0.20800000000000002,0.25,0.44799999999999995,0.27899999999999997,2015-16,EasternMich.
"Opp score, 11-30 s",0.37,0.444,0.314,0.546,0.368,0.35700000000000004,0.318,0.29600000000000004,2015-16,EasternMich.
"Steal, 0-10 s",0.09699999999999999,0.649,0.696,0.732,0.099,0.375,0.205,0.33299999999999996,2015-16,EasternMich.
"Steal, 11-30 s",0.028999999999999998,0.344,0.354,0.294,0.312,0.467,0.33299999999999996,0.188,2015-16,EasternMich.
Transition,0.312,0.5539999999999999,0.519,0.67,0.156,0.321,0.325,0.32,2015-16,EasternMich.
