start_of_poss,percent_of_initial_attempts,e_fg_percent,percent_shots_at_rim,fg_percent_at_rim,percent_shots_2pt_jumpers,fg_percent_2pt_jumpers,percent_shots_3pt,fg_percent_3pt,season,team
"Rebound, 0-10 s",0.128,0.519,0.486,0.602,0.127,0.217,0.387,0.34299999999999997,2014-15,Furman
"Rebound, 11-30 s",0.225,0.494,0.303,0.542,0.271,0.326,0.426,0.37799999999999995,2014-15,Furman
"Opp score, 0-10 s",0.034,0.375,0.33299999999999996,0.5,0.10400000000000001,0.2,0.562,0.222,2014-15,Furman
"Opp score, 11-30 s",0.42,0.486,0.312,0.562,0.258,0.405,0.429,0.319,2014-15,Furman
"Steal, 0-10 s",0.062,0.5920000000000001,0.701,0.623,0.08,0,0.218,0.474,2014-15,Furman
"Steal, 11-30 s",0.026000000000000002,0.542,0.19399999999999998,0.857,0.33299999999999996,0.25,0.47200000000000003,0.41200000000000003,2014-15,Furman
Transition,0.22399999999999998,0.517,0.522,0.6,0.111,0.171,0.36700000000000005,0.336,2014-15,Furman
