start_of_poss,percent_of_initial_attempts,e_fg_percent,percent_shots_at_rim,fg_percent_at_rim,percent_shots_2pt_jumpers,fg_percent_2pt_jumpers,percent_shots_3pt,fg_percent_3pt,season
"Rebound, 0-10 s",0.09,0.525,0.27899999999999997,0.667,0.18600000000000003,0.5,0.536,0.307,2017-18
"Rebound, 11-30 s",0.258,0.531,0.252,0.584,0.32799999999999996,0.336,0.42,0.435,2017-18
"Opp score, 0-10 s",0.035,0.564,0.2,0.545,0.218,0.583,0.5820000000000001,0.375,2017-18
"Opp score, 11-30 s",0.39399999999999996,0.501,0.265,0.556,0.327,0.375,0.408,0.37799999999999995,2017-18
"Steal, 0-10 s",0.069,0.64,0.486,0.654,0.121,0.6920000000000001,0.39299999999999996,0.405,2017-18
"Steal, 11-30 s",0.037000000000000005,0.491,0.228,0.6920000000000001,0.33299999999999996,0.21100000000000002,0.439,0.4,2017-18
Transition,0.195,0.573,0.33799999999999997,0.647,0.16899999999999998,0.569,0.493,0.349,2017-18
