start_of_poss,percent_of_initial_attempts,e_fg_percent,percent_shots_at_rim,fg_percent_at_rim,percent_shots_2pt_jumpers,fg_percent_2pt_jumpers,percent_shots_3pt,fg_percent_3pt,season
"Rebound, 0-10 s",0.191,0.449,0.42100000000000004,0.47700000000000004,0.19399999999999998,0.33899999999999997,0.385,0.316,2019-20
"Rebound, 11-30 s",0.156,0.41600000000000004,0.24100000000000002,0.583,0.373,0.39799999999999996,0.386,0.21899999999999997,2019-20
"Score, 0-10 s",0.063,0.564,0.455,0.7390000000000001,0.198,0.4,0.34700000000000003,0.28600000000000003,2019-20
"Score, 11-30 s",0.384,0.43799999999999994,0.29,0.5479999999999999,0.33899999999999997,0.33799999999999997,0.37200000000000005,0.295,2019-20
"Steal, 0-10 s",0.042,0.604,0.5820000000000001,0.6920000000000001,0.16399999999999998,0.273,0.254,0.41200000000000003,2019-20
"Steal, 11-30 s",0.022000000000000002,0.414,0.314,0.545,0.4,0.28600000000000003,0.28600000000000003,0.3,2019-20
Transition,0.29600000000000004,0.496,0.451,0.573,0.191,0.344,0.358,0.32,2019-20
