start_of_poss,percent_of_initial_attempts,e_fg_percent,percent_shots_at_rim,fg_percent_at_rim,percent_shots_2pt_jumpers,fg_percent_2pt_jumpers,percent_shots_3pt,fg_percent_3pt,season
"Rebound, 0-10 s",0.146,0.49700000000000005,0.381,0.542,0.217,0.317,0.402,0.368,2019-20
"Rebound, 11-30 s",0.18899999999999997,0.41200000000000003,0.32799999999999996,0.512,0.295,0.306,0.377,0.272,2019-20
"Opp score, 0-10 s",0.061,0.494,0.36700000000000005,0.621,0.266,0.28600000000000003,0.36700000000000005,0.345,2019-20
"Opp score, 11-30 s",0.424,0.45299999999999996,0.314,0.529,0.32299999999999995,0.33899999999999997,0.363,0.327,2019-20
"Steal, 0-10 s",0.036000000000000004,0.596,0.617,0.759,0.106,0,0.27699999999999997,0.308,2019-20
"Steal, 11-30 s",0.015,0.525,0.35,0.7140000000000001,0.35,0.14300000000000002,0.3,0.5,2019-20
Transition,0.244,0.511,0.413,0.608,0.213,0.284,0.375,0.35600000000000004,2019-20
