start_of_poss,percent_of_initial_attempts,e_fg_percent,percent_shots_at_rim,fg_percent_at_rim,percent_shots_2pt_jumpers,fg_percent_2pt_jumpers,percent_shots_3pt,fg_percent_3pt,season
"Rebound, 0-10 s",0.16,0.466,0.39799999999999996,0.523,0.18600000000000003,0.28800000000000003,0.41600000000000004,0.32799999999999996,2018-19
"Rebound, 11-30 s",0.182,0.37200000000000005,0.23,0.507,0.35,0.35100000000000003,0.42,0.21100000000000002,2018-19
"Score, 0-10 s",0.055999999999999994,0.474,0.247,0.667,0.258,0.36,0.495,0.292,2018-19
"Score, 11-30 s",0.42700000000000005,0.41,0.174,0.515,0.375,0.307,0.45,0.304,2018-19
"Steal, 0-10 s",0.035,0.6559999999999999,0.574,0.743,0.08199999999999999,0.4,0.344,0.381,2018-19
"Steal, 11-30 s",0.021,0.311,0.243,0.556,0.243,0.222,0.514,0.158,2018-19
Transition,0.25,0.494,0.389,0.588,0.188,0.317,0.423,0.324,2018-19
