start_of_poss,percent_of_initial_attempts,e_fg_percent,percent_shots_at_rim,fg_percent_at_rim,percent_shots_2pt_jumpers,fg_percent_2pt_jumpers,percent_shots_3pt,fg_percent_3pt,season,team
"Rebound, 0-10 s",0.049,0.462,0.418,0.515,0.203,0.375,0.38,0.3,2015-16,Wisconsin
"Rebound, 11-30 s",0.303,0.441,0.292,0.611,0.365,0.32799999999999996,0.34299999999999997,0.278,2015-16,Wisconsin
"Opp score, 0-10 s",0.023,0.526,0.263,0.7,0.237,0.444,0.5,0.316,2015-16,Wisconsin
"Opp score, 11-30 s",0.42100000000000004,0.49200000000000005,0.266,0.5820000000000001,0.34600000000000003,0.33299999999999996,0.387,0.381,2015-16,Wisconsin
"Steal, 0-10 s",0.039,0.627,0.635,0.8,0.14300000000000002,0.33299999999999996,0.222,0.214,2015-16,Wisconsin
"Steal, 11-30 s",0.048,0.5579999999999999,0.33299999999999996,0.462,0.295,0.522,0.37200000000000005,0.44799999999999995,2015-16,Wisconsin
Transition,0.111,0.5329999999999999,0.461,0.675,0.18899999999999997,0.382,0.35,0.28600000000000003,2015-16,Wisconsin
