start_of_poss,percent_of_initial_attempts,e_fg_percent,percent_shots_at_rim,fg_percent_at_rim,percent_shots_2pt_jumpers,fg_percent_2pt_jumpers,percent_shots_3pt,fg_percent_3pt,season,team
"Rebound, 0-10 s",0.08800000000000001,0.402,0.447,0.33899999999999997,0.242,0.281,0.311,0.39,2013-14,NorthDakotaSt.
"Rebound, 11-30 s",0.209,0.48100000000000004,0.297,0.473,0.358,0.429,0.345,0.361,2013-14,NorthDakotaSt.
"Score, 0-10 s",0.067,0.465,0.36,0.583,0.18,0.5,0.46,0.239,2013-14,NorthDakotaSt.
"Score, 11-30 s",0.461,0.504,0.276,0.607,0.35,0.322,0.373,0.39899999999999997,2013-14,NorthDakotaSt.
"Steal, 0-10 s",0.053,0.696,0.595,0.7020000000000001,0.10099999999999999,0.5,0.304,0.5,2013-14,NorthDakotaSt.
"Steal, 11-30 s",0.027999999999999997,0.39299999999999996,0.31,0.615,0.31,0.077,0.381,0.312,2013-14,NorthDakotaSt.
Transition,0.20800000000000002,0.49700000000000005,0.457,0.521,0.18600000000000003,0.379,0.35700000000000004,0.35100000000000003,2013-14,NorthDakotaSt.
