start_of_poss,percent_of_initial_attempts,e_fg_percent,percent_shots_at_rim,fg_percent_at_rim,percent_shots_2pt_jumpers,fg_percent_2pt_jumpers,percent_shots_3pt,fg_percent_3pt,season,team
"Rebound, 0-10 s",0.177,0.555,0.359,0.6859999999999999,0.24600000000000002,0.414,0.39399999999999996,0.348,2019-20,CharlestonSo.
"Rebound, 11-30 s",0.204,0.46299999999999997,0.299,0.541,0.311,0.353,0.39,0.32799999999999996,2019-20,CharlestonSo.
"Score, 0-10 s",0.049,0.551,0.321,0.76,0.205,0.562,0.474,0.27,2019-20,CharlestonSo.
"Score, 11-30 s",0.368,0.521,0.284,0.625,0.312,0.41100000000000003,0.40399999999999997,0.35600000000000004,2019-20,CharlestonSo.
"Steal, 0-10 s",0.055,0.614,0.716,0.667,0.114,0.6,0.17,0.267,2019-20,CharlestonSo.
"Steal, 11-30 s",0.024,0.5529999999999999,0.289,0.909,0.395,0.33299999999999996,0.316,0.33299999999999996,2019-20,CharlestonSo.
Transition,0.28,0.5660000000000001,0.42200000000000004,0.6890000000000001,0.213,0.45799999999999996,0.364,0.32299999999999995,2019-20,CharlestonSo.
