start_of_poss,percent_of_initial_attempts,e_fg_percent,percent_shots_at_rim,fg_percent_at_rim,percent_shots_2pt_jumpers,fg_percent_2pt_jumpers,percent_shots_3pt,fg_percent_3pt,season,team
"Rebound, 0-10 s",0.159,0.514,0.479,0.5770000000000001,0.161,0.314,0.359,0.34600000000000003,2013-14,WeberSt.
"Rebound, 11-30 s",0.215,0.5539999999999999,0.265,0.6409999999999999,0.33299999999999996,0.418,0.401,0.40700000000000003,2013-14,WeberSt.
"Opp score, 0-10 s",0.027999999999999997,0.711,0.447,0.765,0.184,0.28600000000000003,0.368,0.5710000000000001,2013-14,WeberSt.
"Opp score, 11-30 s",0.433,0.499,0.28300000000000003,0.617,0.337,0.36200000000000004,0.381,0.35600000000000004,2013-14,WeberSt.
"Steal, 0-10 s",0.046,0.706,0.603,0.816,0.127,0.375,0.27,0.41200000000000003,2013-14,WeberSt.
"Steal, 11-30 s",0.015,0.524,0.14300000000000002,0.667,0.429,0.33299999999999996,0.429,0.444,2013-14,WeberSt.
Transition,0.233,0.575,0.5,0.654,0.157,0.32,0.34299999999999997,0.385,2013-14,WeberSt.
