start_of_poss,percent_of_initial_attempts,e_fg_percent,percent_shots_at_rim,fg_percent_at_rim,percent_shots_2pt_jumpers,fg_percent_2pt_jumpers,percent_shots_3pt,fg_percent_3pt,season,team
"Rebound, 0-10 s",0.146,0.53,0.439,0.541,0.20600000000000002,0.385,0.35600000000000004,0.4,2013-14,Radford
"Rebound, 11-30 s",0.17300000000000001,0.527,0.293,0.614,0.38299999999999995,0.461,0.32299999999999995,0.35100000000000003,2013-14,Radford
"Opp score, 0-10 s",0.083,0.51,0.431,0.613,0.20800000000000002,0.433,0.361,0.28800000000000003,2013-14,Radford
"Opp score, 11-30 s",0.395,0.485,0.33,0.527,0.364,0.402,0.306,0.359,2013-14,Radford
"Steal, 0-10 s",0.08,0.73,0.669,0.8170000000000001,0.079,0.545,0.252,0.371,2013-14,Radford
"Steal, 11-30 s",0.025,0.47700000000000004,0.209,0.667,0.465,0.35,0.326,0.35700000000000004,2013-14,Radford
Transition,0.309,0.5760000000000001,0.496,0.654,0.174,0.419,0.33,0.36200000000000004,2013-14,Radford
