start_of_poss,percent_of_initial_attempts,e_fg_percent,percent_shots_at_rim,fg_percent_at_rim,percent_shots_2pt_jumpers,fg_percent_2pt_jumpers,percent_shots_3pt,fg_percent_3pt,season,team
"Rebound, 0-10 s",0.14300000000000002,0.528,0.49,0.67,0.253,0.4,0.258,0.255,2011-12,AlabamaSt.
"Rebound, 11-30 s",0.226,0.42,0.26899999999999996,0.5479999999999999,0.381,0.387,0.349,0.239,2011-12,AlabamaSt.
"Score, 0-10 s",0.07400000000000001,0.441,0.33299999999999996,0.6759999999999999,0.235,0.292,0.431,0.22699999999999998,2011-12,AlabamaSt.
"Score, 11-30 s",0.303,0.473,0.284,0.597,0.34600000000000003,0.276,0.37,0.374,2011-12,AlabamaSt.
"Steal, 0-10 s",0.091,0.655,0.706,0.753,0.16699999999999998,0.381,0.127,0.312,2011-12,AlabamaSt.
"Steal, 11-30 s",0.032,0.648,0.341,0.667,0.318,0.5710000000000001,0.341,0.467,2011-12,AlabamaSt.
Transition,0.308,0.545,0.516,0.705,0.223,0.368,0.261,0.252,2011-12,AlabamaSt.
