start_of_poss,percent_of_initial_attempts,e_fg_percent,percent_shots_at_rim,fg_percent_at_rim,percent_shots_2pt_jumpers,fg_percent_2pt_jumpers,percent_shots_3pt,fg_percent_3pt,season
"Rebound, 0-10 s",0.15,0.5429999999999999,0.365,0.624,0.172,0.375,0.46399999999999997,0.361,2016-17
"Rebound, 11-30 s",0.218,0.525,0.385,0.569,0.281,0.41100000000000003,0.33399999999999996,0.381,2016-17
"Score, 0-10 s",0.059000000000000004,0.5710000000000001,0.429,0.667,0.165,0.5329999999999999,0.40700000000000003,0.324,2016-17
"Score, 11-30 s",0.35200000000000004,0.527,0.366,0.57,0.293,0.381,0.341,0.40299999999999997,2016-17
"Steal, 0-10 s",0.08199999999999999,0.618,0.693,0.625,0.071,0.778,0.23600000000000002,0.36700000000000005,2016-17
"Steal, 11-30 s",0.023,0.657,0.457,0.562,0.14300000000000002,0.4,0.4,0.5710000000000001,2016-17
Transition,0.29100000000000004,0.57,0.47,0.632,0.142,0.469,0.38799999999999996,0.354,2016-17
