start_of_poss,percent_of_initial_attempts,e_fg_percent,percent_shots_at_rim,fg_percent_at_rim,percent_shots_2pt_jumpers,fg_percent_2pt_jumpers,percent_shots_3pt,fg_percent_3pt,season,team
"Rebound, 0-10 s",0.115,0.447,0.306,0.7090000000000001,0.21100000000000002,0.342,0.483,0.218,2011-12,Ohio
"Rebound, 11-30 s",0.239,0.405,0.27,0.5539999999999999,0.337,0.365,0.39299999999999996,0.22399999999999998,2011-12,Ohio
"Score, 0-10 s",0.046,0.43799999999999994,0.41700000000000004,0.633,0.20800000000000002,0.33299999999999996,0.375,0.185,2011-12,Ohio
"Score, 11-30 s",0.4,0.43,0.259,0.519,0.332,0.26899999999999996,0.409,0.336,2011-12,Ohio
"Steal, 0-10 s",0.057,0.713,0.6629999999999999,0.797,0.18,0.375,0.157,0.5,2011-12,Ohio
"Steal, 11-30 s",0.033,0.431,0.235,0.667,0.373,0.105,0.392,0.4,2011-12,Ohio
Transition,0.218,0.515,0.42200000000000004,0.7290000000000001,0.20199999999999999,0.348,0.375,0.242,2011-12,Ohio
