start_of_poss,percent_of_initial_attempts,e_fg_percent,percent_shots_at_rim,fg_percent_at_rim,percent_shots_2pt_jumpers,fg_percent_2pt_jumpers,percent_shots_3pt,fg_percent_3pt,season
"Rebound, 0-10 s",0.133,0.508,0.39799999999999996,0.581,0.145,0.29600000000000004,0.457,0.341,2014-15
"Rebound, 11-30 s",0.244,0.509,0.32,0.523,0.29,0.40399999999999997,0.39,0.38299999999999995,2014-15
"Score, 0-10 s",0.048,0.522,0.209,0.5710000000000001,0.254,0.353,0.537,0.389,2014-15
"Score, 11-30 s",0.379,0.49,0.287,0.493,0.304,0.36,0.408,0.389,2014-15
"Steal, 0-10 s",0.062,0.575,0.609,0.7170000000000001,0.115,0.3,0.276,0.25,2014-15
"Steal, 11-30 s",0.027999999999999997,0.48700000000000004,0.308,0.667,0.359,0.35700000000000004,0.33299999999999996,0.308,2014-15
Transition,0.244,0.528,0.415,0.631,0.159,0.315,0.426,0.33799999999999997,2014-15
