start_of_poss,percent_of_initial_attempts,e_fg_percent,percent_shots_at_rim,fg_percent_at_rim,percent_shots_2pt_jumpers,fg_percent_2pt_jumpers,percent_shots_3pt,fg_percent_3pt,season
"Rebound, 0-10 s",0.092,0.455,0.40399999999999997,0.47600000000000003,0.295,0.304,0.301,0.38299999999999995,2015-16
"Rebound, 11-30 s",0.243,0.434,0.314,0.465,0.406,0.287,0.28,0.409,2015-16
"Score, 0-10 s",0.054000000000000006,0.315,0.28300000000000003,0.5379999999999999,0.37,0.17600000000000002,0.348,0.188,2015-16
"Score, 11-30 s",0.41200000000000003,0.43799999999999994,0.29600000000000004,0.515,0.425,0.33799999999999997,0.28,0.33799999999999997,2015-16
"Steal, 0-10 s",0.048,0.562,0.63,0.627,0.12300000000000001,0,0.247,0.45,2015-16
"Steal, 11-30 s",0.025,0.46399999999999997,0.31,0.5379999999999999,0.35700000000000004,0.33299999999999996,0.33299999999999996,0.35700000000000004,2015-16
Transition,0.19399999999999998,0.442,0.426,0.5429999999999999,0.27399999999999997,0.222,0.301,0.33299999999999996,2015-16
