start_of_poss,percent_of_initial_attempts,e_fg_percent,percent_shots_at_rim,fg_percent_at_rim,percent_shots_2pt_jumpers,fg_percent_2pt_jumpers,percent_shots_3pt,fg_percent_3pt,season,team
"Rebound, 0-10 s",0.1,0.615,0.297,0.633,0.248,0.585,0.455,0.413,2012-13,Lafayette
"Rebound, 11-30 s",0.22,0.489,0.191,0.551,0.41700000000000004,0.344,0.392,0.408,2012-13,Lafayette
"Opp score, 0-10 s",0.075,0.565,0.341,0.738,0.244,0.233,0.415,0.41200000000000003,2012-13,Lafayette
"Opp score, 11-30 s",0.384,0.508,0.222,0.65,0.397,0.4,0.381,0.358,2012-13,Lafayette
"Steal, 0-10 s",0.063,0.636,0.563,0.638,0.136,0.429,0.301,0.484,2012-13,Lafayette
"Steal, 11-30 s",0.035,0.544,0.14,0.75,0.509,0.345,0.35100000000000003,0.5,2012-13,Lafayette
Transition,0.23800000000000002,0.605,0.381,0.664,0.217,0.435,0.402,0.42700000000000005,2012-13,Lafayette
