start_of_poss,percent_of_initial_attempts,e_fg_percent,percent_shots_at_rim,fg_percent_at_rim,percent_shots_2pt_jumpers,fg_percent_2pt_jumpers,percent_shots_3pt,fg_percent_3pt,season
"Rebound, 0-10 s",0.13,0.556,0.556,0.618,0.131,0.34600000000000003,0.313,0.355,2015-16
"Rebound, 11-30 s",0.203,0.446,0.305,0.489,0.263,0.40700000000000003,0.43200000000000005,0.293,2015-16
"Score, 0-10 s",0.063,0.46299999999999997,0.41100000000000003,0.6409999999999999,0.168,0.43799999999999994,0.42100000000000004,0.2,2015-16
"Score, 11-30 s",0.424,0.47700000000000004,0.3,0.528,0.278,0.313,0.42100000000000004,0.365,2015-16
"Steal, 0-10 s",0.05,0.625,0.6709999999999999,0.647,0.105,0.5,0.22399999999999998,0.41200000000000003,2015-16
"Steal, 11-30 s",0.019,0.586,0.414,0.917,0.207,0.5,0.379,0.182,2015-16
Transition,0.243,0.546,0.542,0.63,0.136,0.4,0.322,0.311,2015-16
