start_of_poss,percent_of_initial_attempts,e_fg_percent,percent_shots_at_rim,fg_percent_at_rim,percent_shots_2pt_jumpers,fg_percent_2pt_jumpers,percent_shots_3pt,fg_percent_3pt,season
"Rebound, 0-10 s",0.121,0.519,0.402,0.5529999999999999,0.122,0.609,0.47600000000000003,0.311,2015-16
"Rebound, 11-30 s",0.226,0.395,0.331,0.45299999999999996,0.24100000000000002,0.294,0.428,0.272,2015-16
"Opp score, 0-10 s",0.062,0.526,0.41700000000000004,0.65,0.094,0.222,0.49,0.319,2015-16
"Opp score, 11-30 s",0.39799999999999996,0.43700000000000006,0.36700000000000005,0.44299999999999995,0.26899999999999996,0.38299999999999995,0.364,0.314,2015-16
"Steal, 0-10 s",0.057999999999999996,0.632,0.7140000000000001,0.723,0.099,0.33299999999999996,0.187,0.294,2015-16
"Steal, 11-30 s",0.019,0.31,0.379,0.182,0.172,0.2,0.44799999999999995,0.308,2015-16
Transition,0.24100000000000002,0.5479999999999999,0.48100000000000004,0.635,0.109,0.46299999999999997,0.41,0.312,2015-16
