start_of_poss,percent_of_initial_attempts,e_fg_percent,percent_shots_at_rim,fg_percent_at_rim,percent_shots_2pt_jumpers,fg_percent_2pt_jumpers,percent_shots_3pt,fg_percent_3pt,season
"Rebound, 0-10 s",0.102,0.494,0.23399999999999999,0.59,0.311,0.423,0.455,0.32899999999999996,2012-13
"Rebound, 11-30 s",0.22,0.47200000000000003,0.158,0.456,0.452,0.36200000000000004,0.391,0.40399999999999997,2012-13
"Score, 0-10 s",0.06,0.495,0.214,0.5710000000000001,0.37799999999999995,0.45899999999999996,0.408,0.325,2012-13
"Score, 11-30 s",0.406,0.47,0.156,0.5770000000000001,0.446,0.36700000000000005,0.39799999999999996,0.36200000000000004,2012-13
"Steal, 0-10 s",0.073,0.618,0.504,0.667,0.193,0.478,0.303,0.41700000000000004,2012-13
"Steal, 11-30 s",0.024,0.55,0.225,0.33299999999999996,0.375,0.467,0.4,0.5,2012-13
Transition,0.23399999999999999,0.5329999999999999,0.312,0.625,0.292,0.446,0.396,0.349,2012-13
