start_of_poss,percent_of_initial_attempts,e_fg_percent,percent_shots_at_rim,fg_percent_at_rim,percent_shots_2pt_jumpers,fg_percent_2pt_jumpers,percent_shots_3pt,fg_percent_3pt,season,team
"Rebound, 0-10 s",0.113,0.451,0.445,0.5710000000000001,0.139,0.292,0.41600000000000004,0.25,2014-15,Butler
"Rebound, 11-30 s",0.23399999999999999,0.434,0.307,0.5,0.335,0.4,0.358,0.273,2014-15,Butler
"Score, 0-10 s",0.052000000000000005,0.519,0.475,0.5529999999999999,0.188,0.267,0.33799999999999997,0.40700000000000003,2014-15,Butler
"Score, 11-30 s",0.40399999999999997,0.46399999999999997,0.287,0.599,0.376,0.306,0.337,0.35100000000000003,2014-15,Butler
"Steal, 0-10 s",0.057999999999999996,0.607,0.64,0.684,0.067,0.5,0.292,0.308,2014-15,Butler
"Steal, 11-30 s",0.024,0.45899999999999996,0.324,0.5,0.37799999999999995,0.35700000000000004,0.297,0.364,2014-15,Butler
Transition,0.22399999999999998,0.507,0.503,0.605,0.132,0.311,0.365,0.29600000000000004,2014-15,Butler
