start_of_poss,percent_of_initial_attempts,e_fg_percent,percent_shots_at_rim,fg_percent_at_rim,percent_shots_2pt_jumpers,fg_percent_2pt_jumpers,percent_shots_3pt,fg_percent_3pt,season,team
"Rebound, 0-10 s",0.107,0.611,0.47600000000000003,0.696,0.163,0.444,0.361,0.38299999999999995,2016-17,Northeastern
"Rebound, 11-30 s",0.258,0.555,0.38,0.507,0.23199999999999998,0.39799999999999996,0.38799999999999996,0.465,2016-17,Northeastern
"Score, 0-10 s",0.039,0.426,0.41,0.4,0.18,0.364,0.41,0.32,2016-17,Northeastern
"Score, 11-30 s",0.39399999999999996,0.489,0.33,0.532,0.262,0.406,0.408,0.337,2016-17,Northeastern
"Steal, 0-10 s",0.051,0.57,0.6579999999999999,0.731,0.076,0.16699999999999998,0.266,0.19,2016-17,Northeastern
"Steal, 11-30 s",0.028999999999999998,0.578,0.35600000000000004,0.625,0.222,0.4,0.42200000000000004,0.42100000000000004,2016-17,Northeastern
Transition,0.198,0.564,0.51,0.66,0.14400000000000002,0.386,0.34600000000000003,0.33,2016-17,Northeastern
