start_of_poss,percent_of_initial_attempts,e_fg_percent,percent_shots_at_rim,fg_percent_at_rim,percent_shots_2pt_jumpers,fg_percent_2pt_jumpers,percent_shots_3pt,fg_percent_3pt,season
"Rebound, 0-10 s",0.11800000000000001,0.569,0.40299999999999997,0.595,0.204,0.525,0.39299999999999996,0.377,2011-12
"Rebound, 11-30 s",0.198,0.515,0.4,0.561,0.19399999999999998,0.375,0.406,0.358,2011-12
"Opp score, 0-10 s",0.071,0.5760000000000001,0.387,0.565,0.22699999999999998,0.519,0.387,0.413,2011-12
"Opp score, 11-30 s",0.376,0.504,0.359,0.591,0.244,0.39899999999999997,0.396,0.327,2011-12
"Steal, 0-10 s",0.085,0.63,0.662,0.7020000000000001,0.12,0.41200000000000003,0.218,0.355,2011-12
"Steal, 11-30 s",0.025,0.607,0.35700000000000004,0.5329999999999999,0.28600000000000003,0.583,0.35700000000000004,0.467,2011-12
Transition,0.27399999999999997,0.59,0.479,0.635,0.184,0.5,0.337,0.38299999999999995,2011-12
