start_of_poss,percent_of_initial_attempts,e_fg_percent,percent_shots_at_rim,fg_percent_at_rim,percent_shots_2pt_jumpers,fg_percent_2pt_jumpers,percent_shots_3pt,fg_percent_3pt,season
"Rebound, 0-10 s",0.187,0.585,0.29600000000000004,0.573,0.142,0.413,0.562,0.423,2019-20
"Rebound, 11-30 s",0.19699999999999998,0.48,0.251,0.628,0.342,0.402,0.406,0.302,2019-20
"Opp score, 0-10 s",0.052000000000000005,0.733,0.42200000000000004,0.8420000000000001,0.14400000000000002,0.5379999999999999,0.433,0.462,2019-20
"Opp score, 11-30 s",0.374,0.44799999999999995,0.21600000000000003,0.586,0.309,0.315,0.475,0.315,2019-20
"Steal, 0-10 s",0.04,0.607,0.5710000000000001,0.75,0.071,0.4,0.35700000000000004,0.28,2019-20
"Steal, 11-30 s",0.019,0.561,0.242,0.5,0.424,0.5,0.33299999999999996,0.455,2019-20
Transition,0.27899999999999997,0.616,0.36,0.672,0.132,0.43799999999999994,0.508,0.415,2019-20
