start_of_poss,percent_of_initial_attempts,e_fg_percent,percent_shots_at_rim,fg_percent_at_rim,percent_shots_2pt_jumpers,fg_percent_2pt_jumpers,percent_shots_3pt,fg_percent_3pt,season,team
"Rebound, 0-10 s",0.126,0.527,0.397,0.642,0.12300000000000001,0.24,0.48,0.337,2018-19,Col.ofCharleston
"Rebound, 11-30 s",0.226,0.516,0.289,0.623,0.292,0.327,0.42,0.38299999999999995,2018-19,Col.ofCharleston
"Score, 0-10 s",0.038,0.508,0.27399999999999997,0.647,0.129,0.5,0.597,0.297,2018-19,Col.ofCharleston
"Score, 11-30 s",0.436,0.514,0.27399999999999997,0.649,0.27,0.40299999999999997,0.455,0.332,2018-19,Col.ofCharleston
"Steal, 0-10 s",0.051,0.591,0.5,0.634,0.098,0.75,0.402,0.33299999999999996,2018-19,Col.ofCharleston
"Steal, 11-30 s",0.019,0.46799999999999997,0.32299999999999995,0.5,0.19399999999999998,0.33299999999999996,0.484,0.33299999999999996,2018-19,Col.ofCharleston
Transition,0.215,0.539,0.39899999999999997,0.64,0.11800000000000001,0.39,0.483,0.327,2018-19,Col.ofCharleston
