start_of_poss,percent_of_initial_attempts,e_fg_percent,percent_shots_at_rim,fg_percent_at_rim,percent_shots_2pt_jumpers,fg_percent_2pt_jumpers,percent_shots_3pt,fg_percent_3pt,season,team
"Rebound, 0-10 s",0.11800000000000001,0.569,0.34700000000000003,0.667,0.225,0.308,0.428,0.419,2017-18,EasternIll.
"Rebound, 11-30 s",0.233,0.466,0.28300000000000003,0.505,0.34700000000000003,0.40299999999999997,0.37,0.331,2017-18,EasternIll.
"Score, 0-10 s",0.043,0.611,0.47600000000000003,0.6,0.079,0.2,0.444,0.46399999999999997,2017-18,EasternIll.
"Score, 11-30 s",0.39299999999999996,0.47600000000000003,0.258,0.631,0.322,0.29600000000000004,0.42,0.34600000000000003,2017-18,EasternIll.
"Steal, 0-10 s",0.066,0.613,0.536,0.6920000000000001,0.175,0.235,0.289,0.46399999999999997,2017-18,EasternIll.
"Steal, 11-30 s",0.025,0.392,0.243,0.444,0.405,0.2,0.35100000000000003,0.385,2017-18,EasternIll.
Transition,0.226,0.59,0.426,0.662,0.183,0.27899999999999997,0.39,0.43799999999999994,2017-18,EasternIll.
