start_of_poss,percent_of_initial_attempts,e_fg_percent,percent_shots_at_rim,fg_percent_at_rim,percent_shots_2pt_jumpers,fg_percent_2pt_jumpers,percent_shots_3pt,fg_percent_3pt,season,team
"Rebound, 0-10 s",0.109,0.53,0.397,0.644,0.201,0.35100000000000003,0.402,0.33799999999999997,2016-17,Col.ofCharleston
"Rebound, 11-30 s",0.264,0.45899999999999996,0.275,0.615,0.306,0.353,0.419,0.29,2016-17,Col.ofCharleston
"Score, 0-10 s",0.052000000000000005,0.36200000000000004,0.31,0.519,0.184,0.25,0.506,0.205,2016-17,Col.ofCharleston
"Score, 11-30 s",0.39399999999999996,0.466,0.25,0.602,0.36200000000000004,0.396,0.38799999999999996,0.29600000000000004,2016-17,Col.ofCharleston
"Steal, 0-10 s",0.039,0.523,0.545,0.611,0.16699999999999998,0.182,0.28800000000000003,0.368,2016-17,Col.ofCharleston
"Steal, 11-30 s",0.022000000000000002,0.45899999999999996,0.45899999999999996,0.588,0.162,0.16699999999999998,0.37799999999999995,0.28600000000000003,2016-17,Col.ofCharleston
Transition,0.2,0.485,0.40399999999999997,0.61,0.19,0.297,0.40700000000000003,0.299,2016-17,Col.ofCharleston
