start_of_poss,percent_of_initial_attempts,e_fg_percent,percent_shots_at_rim,fg_percent_at_rim,percent_shots_2pt_jumpers,fg_percent_2pt_jumpers,percent_shots_3pt,fg_percent_3pt,season,team
"Rebound, 0-10 s",0.125,0.648,0.45899999999999996,0.7,0.122,0.41700000000000004,0.418,0.439,2017-18,SouthFla.
"Rebound, 11-30 s",0.22399999999999998,0.48,0.293,0.563,0.28800000000000003,0.426,0.419,0.306,2017-18,SouthFla.
"Score, 0-10 s",0.049,0.493,0.303,0.522,0.22399999999999998,0.529,0.474,0.306,2017-18,SouthFla.
"Score, 11-30 s",0.37,0.485,0.306,0.542,0.276,0.369,0.418,0.34700000000000003,2017-18,SouthFla.
"Steal, 0-10 s",0.075,0.667,0.718,0.75,0.051,0.5,0.231,0.29600000000000004,2017-18,SouthFla.
"Steal, 11-30 s",0.028999999999999998,0.41100000000000003,0.4,0.556,0.244,0.091,0.35600000000000004,0.312,2017-18,SouthFla.
Transition,0.249,0.623,0.506,0.701,0.121,0.46799999999999997,0.373,0.379,2017-18,SouthFla.
