start_of_poss,percent_of_initial_attempts,e_fg_percent,percent_shots_at_rim,fg_percent_at_rim,percent_shots_2pt_jumpers,fg_percent_2pt_jumpers,percent_shots_3pt,fg_percent_3pt,season
"Rebound, 0-10 s",0.10800000000000001,0.467,0.327,0.66,0.34,0.25,0.33299999999999996,0.33299999999999996,2012-13
"Rebound, 11-30 s",0.20600000000000002,0.444,0.198,0.345,0.41600000000000004,0.336,0.386,0.40700000000000003,2012-13
"Score, 0-10 s",0.049,0.45,0.18600000000000003,0.5379999999999999,0.271,0.42100000000000004,0.5429999999999999,0.289,2012-13
"Score, 11-30 s",0.374,0.46399999999999997,0.209,0.595,0.43200000000000005,0.33,0.359,0.366,2012-13
"Steal, 0-10 s",0.08199999999999999,0.539,0.578,0.672,0.267,0.32299999999999995,0.155,0.278,2012-13
"Steal, 11-30 s",0.031,0.534,0.182,0.75,0.43200000000000005,0.368,0.386,0.41200000000000003,2012-13
Transition,0.239,0.488,0.38299999999999995,0.654,0.301,0.304,0.316,0.308,2012-13
