start_of_poss,percent_of_initial_attempts,e_fg_percent,percent_shots_at_rim,fg_percent_at_rim,percent_shots_2pt_jumpers,fg_percent_2pt_jumpers,percent_shots_3pt,fg_percent_3pt,season,team
"Rebound, 0-10 s",0.124,0.475,0.38799999999999996,0.677,0.2,0.312,0.41200000000000003,0.242,2013-14,Navy
"Rebound, 11-30 s",0.249,0.523,0.28,0.578,0.321,0.39799999999999996,0.39899999999999997,0.391,2013-14,Navy
"Score, 0-10 s",0.044000000000000004,0.39299999999999996,0.28600000000000003,0.812,0.23199999999999998,0.231,0.48200000000000004,0.14800000000000002,2013-14,Navy
"Score, 11-30 s",0.361,0.5,0.282,0.588,0.325,0.325,0.39399999999999996,0.38799999999999996,2013-14,Navy
"Steal, 0-10 s",0.065,0.512,0.524,0.659,0.155,0.154,0.321,0.29600000000000004,2013-14,Navy
"Steal, 11-30 s",0.038,0.449,0.429,0.619,0.306,0.2,0.265,0.308,2013-14,Navy
Transition,0.233,0.47,0.40700000000000003,0.6890000000000001,0.193,0.259,0.4,0.233,2013-14,Navy
