start_of_poss,percent_of_initial_attempts,e_fg_percent,percent_shots_at_rim,fg_percent_at_rim,percent_shots_2pt_jumpers,fg_percent_2pt_jumpers,percent_shots_3pt,fg_percent_3pt,season
"Rebound, 0-10 s",0.133,0.584,0.382,0.6509999999999999,0.187,0.405,0.431,0.402,2018-19
"Rebound, 11-30 s",0.207,0.5379999999999999,0.262,0.6409999999999999,0.29100000000000004,0.363,0.447,0.395,2018-19
"Score, 0-10 s",0.051,0.523,0.221,0.684,0.18600000000000003,0.312,0.593,0.353,2018-19
"Score, 11-30 s",0.43200000000000005,0.5539999999999999,0.29100000000000004,0.7,0.22399999999999998,0.42100000000000004,0.485,0.35200000000000004,2018-19
"Steal, 0-10 s",0.054000000000000006,0.6759999999999999,0.5710000000000001,0.8079999999999999,0.121,0.273,0.308,0.39299999999999996,2018-19
"Steal, 11-30 s",0.021,0.371,0.257,0.33299999999999996,0.257,0.444,0.486,0.235,2018-19
Transition,0.237,0.5920000000000001,0.391,0.7070000000000001,0.172,0.36200000000000004,0.43799999999999994,0.386,2018-19
