start_of_poss,percent_of_initial_attempts,e_fg_percent,percent_shots_at_rim,fg_percent_at_rim,percent_shots_2pt_jumpers,fg_percent_2pt_jumpers,percent_shots_3pt,fg_percent_3pt,season,team
"Rebound, 0-10 s",0.14800000000000002,0.461,0.494,0.449,0.14,0.41700000000000004,0.366,0.33,2013-14,Siena
"Rebound, 11-30 s",0.161,0.39299999999999996,0.389,0.431,0.264,0.284,0.34600000000000003,0.289,2013-14,Siena
"Score, 0-10 s",0.079,0.507,0.358,0.449,0.248,0.5589999999999999,0.39399999999999996,0.35200000000000004,2013-14,Siena
"Score, 11-30 s",0.397,0.451,0.36200000000000004,0.46799999999999997,0.29600000000000004,0.358,0.342,0.34299999999999997,2013-14,Siena
"Steal, 0-10 s",0.075,0.55,0.731,0.6,0.10800000000000001,0.28600000000000003,0.162,0.33299999999999996,2013-14,Siena
"Steal, 11-30 s",0.021,0.486,0.45899999999999996,0.47100000000000003,0.21600000000000003,0.5,0.324,0.33299999999999996,2013-14,Siena
Transition,0.301,0.495,0.517,0.502,0.16,0.452,0.32299999999999995,0.337,2013-14,Siena
