start_of_poss,percent_of_initial_attempts,e_fg_percent,percent_shots_at_rim,fg_percent_at_rim,percent_shots_2pt_jumpers,fg_percent_2pt_jumpers,percent_shots_3pt,fg_percent_3pt,season,team
"Rebound, 0-10 s",0.115,0.5670000000000001,0.461,0.607,0.192,0.324,0.34700000000000003,0.433,2011-12,LaSalle
"Rebound, 11-30 s",0.22,0.534,0.28600000000000003,0.575,0.313,0.405,0.402,0.40299999999999997,2011-12,LaSalle
"Opp score, 0-10 s",0.034,0.474,0.439,0.6,0.105,0,0.456,0.308,2011-12,LaSalle
"Opp score, 11-30 s",0.381,0.5539999999999999,0.32799999999999996,0.638,0.301,0.35200000000000004,0.371,0.429,2011-12,LaSalle
"Steal, 0-10 s",0.087,0.62,0.6990000000000001,0.6859999999999999,0.13699999999999998,0.2,0.16399999999999998,0.45799999999999996,2011-12,LaSalle
"Steal, 11-30 s",0.033,0.545,0.375,0.667,0.33899999999999997,0.316,0.28600000000000003,0.43799999999999994,2011-12,LaSalle
Transition,0.235,0.573,0.545,0.644,0.159,0.254,0.295,0.41,2011-12,LaSalle
