start_of_poss,percent_of_initial_attempts,e_fg_percent,percent_shots_at_rim,fg_percent_at_rim,percent_shots_2pt_jumpers,fg_percent_2pt_jumpers,percent_shots_3pt,fg_percent_3pt,season,team
"Rebound, 0-10 s",0.147,0.563,0.424,0.6629999999999999,0.16399999999999998,0.41,0.41200000000000003,0.34700000000000003,2012-13,Gonzaga
"Rebound, 11-30 s",0.22899999999999998,0.539,0.36700000000000005,0.64,0.318,0.424,0.315,0.359,2012-13,Gonzaga
"Opp score, 0-10 s",0.054000000000000006,0.511,0.42,0.486,0.22699999999999998,0.3,0.35200000000000004,0.452,2012-13,Gonzaga
"Opp score, 11-30 s",0.337,0.53,0.33899999999999997,0.632,0.32299999999999995,0.43200000000000005,0.33799999999999997,0.348,2012-13,Gonzaga
"Steal, 0-10 s",0.091,0.608,0.716,0.679,0.115,0.353,0.16899999999999998,0.32,2012-13,Gonzaga
"Steal, 11-30 s",0.033,0.583,0.37,0.7,0.389,0.47600000000000003,0.24100000000000002,0.385,2012-13,Gonzaga
Transition,0.293,0.568,0.515,0.643,0.16,0.368,0.325,0.364,2012-13,Gonzaga
