start_of_poss,percent_of_initial_attempts,e_fg_percent,percent_shots_at_rim,fg_percent_at_rim,percent_shots_2pt_jumpers,fg_percent_2pt_jumpers,percent_shots_3pt,fg_percent_3pt,season
"Rebound, 0-10 s",0.084,0.44,0.519,0.536,0.098,0.385,0.38299999999999995,0.21600000000000003,2016-17
"Rebound, 11-30 s",0.29100000000000004,0.45299999999999996,0.397,0.56,0.28,0.33799999999999997,0.32299999999999995,0.28,2016-17
"Opp score, 0-10 s",0.033,0.462,0.377,0.7,0.20800000000000002,0.545,0.415,0.136,2016-17
"Opp score, 11-30 s",0.415,0.467,0.33299999999999996,0.545,0.28,0.33,0.387,0.332,2016-17
"Steal, 0-10 s",0.057,0.6559999999999999,0.7,0.73,0.111,0.1,0.18899999999999997,0.47100000000000003,2016-17
"Steal, 11-30 s",0.027000000000000003,0.40700000000000003,0.302,0.5379999999999999,0.18600000000000003,0.375,0.512,0.22699999999999998,2016-17
Transition,0.17300000000000001,0.514,0.551,0.638,0.12300000000000001,0.353,0.326,0.244,2016-17
