start_of_poss,percent_of_initial_attempts,e_fg_percent,percent_shots_at_rim,fg_percent_at_rim,percent_shots_2pt_jumpers,fg_percent_2pt_jumpers,percent_shots_3pt,fg_percent_3pt,season
"Rebound, 0-10 s",0.111,0.455,0.342,0.562,0.171,0.21899999999999997,0.48700000000000004,0.308,2017-18
"Rebound, 11-30 s",0.22399999999999998,0.396,0.242,0.5489999999999999,0.41,0.253,0.348,0.305,2017-18
"Score, 0-10 s",0.061,0.466,0.304,0.613,0.245,0.24,0.451,0.326,2017-18
"Score, 11-30 s",0.397,0.439,0.21899999999999997,0.534,0.376,0.34299999999999997,0.405,0.319,2017-18
"Steal, 0-10 s",0.06,0.594,0.604,0.77,0.129,0.308,0.267,0.222,2017-18
"Steal, 11-30 s",0.027000000000000003,0.456,0.244,0.545,0.37799999999999995,0.235,0.37799999999999995,0.41200000000000003,2017-18
Transition,0.23199999999999998,0.494,0.4,0.654,0.179,0.243,0.42100000000000004,0.299,2017-18
