start_of_poss,percent_of_initial_attempts,e_fg_percent,percent_shots_at_rim,fg_percent_at_rim,percent_shots_2pt_jumpers,fg_percent_2pt_jumpers,percent_shots_3pt,fg_percent_3pt,season,team
"Rebound, 0-10 s",0.11900000000000001,0.524,0.332,0.5710000000000001,0.247,0.298,0.42100000000000004,0.41200000000000003,2018-19,NorthDakota
"Rebound, 11-30 s",0.24100000000000002,0.483,0.266,0.5589999999999999,0.391,0.40700000000000003,0.344,0.341,2018-19,NorthDakota
"Score, 0-10 s",0.034,0.48100000000000004,0.315,0.529,0.185,0.2,0.5,0.37,2018-19,NorthDakota
"Score, 11-30 s",0.41,0.513,0.293,0.628,0.365,0.41600000000000004,0.342,0.345,2018-19,NorthDakota
"Steal, 0-10 s",0.068,0.6829999999999999,0.633,0.812,0.092,0.2,0.275,0.36700000000000005,2018-19,NorthDakota
"Steal, 11-30 s",0.027999999999999997,0.489,0.22699999999999998,0.9,0.43200000000000005,0.42100000000000004,0.341,0.2,2018-19,NorthDakota
Transition,0.222,0.5670000000000001,0.42200000000000004,0.6779999999999999,0.19,0.26899999999999996,0.38799999999999996,0.39399999999999996,2018-19,NorthDakota
