start_of_poss,percent_of_initial_attempts,e_fg_percent,percent_shots_at_rim,fg_percent_at_rim,percent_shots_2pt_jumpers,fg_percent_2pt_jumpers,percent_shots_3pt,fg_percent_3pt,season
"Rebound, 0-10 s",0.11599999999999999,0.48700000000000004,0.392,0.493,0.19399999999999998,0.222,0.414,0.40299999999999997,2017-18
"Rebound, 11-30 s",0.214,0.429,0.337,0.5,0.305,0.295,0.358,0.317,2017-18
"Score, 0-10 s",0.049,0.44299999999999995,0.36700000000000005,0.44799999999999995,0.165,0.308,0.46799999999999997,0.324,2017-18
"Score, 11-30 s",0.428,0.44799999999999995,0.306,0.519,0.314,0.40700000000000003,0.38,0.284,2017-18
"Steal, 0-10 s",0.063,0.619,0.653,0.758,0.109,0.182,0.23800000000000002,0.292,2017-18
"Steal, 11-30 s",0.019,0.5,0.2,0.33299999999999996,0.36700000000000005,0.364,0.433,0.462,2017-18
Transition,0.228,0.514,0.45899999999999996,0.589,0.16399999999999998,0.233,0.377,0.36200000000000004,2017-18
