start_of_poss,percent_of_initial_attempts,e_fg_percent,percent_shots_at_rim,fg_percent_at_rim,percent_shots_2pt_jumpers,fg_percent_2pt_jumpers,percent_shots_3pt,fg_percent_3pt,season
"Rebound, 0-10 s",0.142,0.5,0.42200000000000004,0.5920000000000001,0.198,0.348,0.379,0.318,2018-19
"Rebound, 11-30 s",0.23199999999999998,0.48,0.29600000000000004,0.589,0.365,0.37,0.33899999999999997,0.336,2018-19
"Opp score, 0-10 s",0.028999999999999998,0.41700000000000004,0.375,0.833,0.20800000000000002,0.2,0.41700000000000004,0.1,2018-19
"Opp score, 11-30 s",0.39899999999999997,0.513,0.32,0.5720000000000001,0.28600000000000003,0.419,0.39399999999999996,0.355,2018-19
"Steal, 0-10 s",0.059000000000000004,0.6609999999999999,0.698,0.716,0.156,0.33299999999999996,0.146,0.5,2018-19
"Steal, 11-30 s",0.019,0.419,0.226,0.857,0.32299999999999995,0.4,0.452,0.14300000000000002,2018-19
Transition,0.231,0.531,0.48700000000000004,0.6609999999999999,0.18899999999999997,0.324,0.324,0.303,2018-19
