start_of_poss,percent_of_initial_attempts,e_fg_percent,percent_shots_at_rim,fg_percent_at_rim,percent_shots_2pt_jumpers,fg_percent_2pt_jumpers,percent_shots_3pt,fg_percent_3pt,season
"Rebound, 0-10 s",0.11199999999999999,0.585,0.281,0.604,0.31,0.434,0.409,0.457,2013-14
"Rebound, 11-30 s",0.22699999999999998,0.506,0.19399999999999998,0.552,0.384,0.406,0.42200000000000004,0.384,2013-14
"Score, 0-10 s",0.052000000000000005,0.41200000000000003,0.23800000000000002,0.632,0.312,0.24,0.45,0.278,2013-14
"Score, 11-30 s",0.433,0.48200000000000004,0.23399999999999999,0.555,0.40399999999999997,0.337,0.36200000000000004,0.397,2013-14
"Steal, 0-10 s",0.052000000000000005,0.715,0.595,0.787,0.19,0.6,0.215,0.41200000000000003,2013-14
"Steal, 11-30 s",0.024,0.595,0.243,0.556,0.37799999999999995,0.35700000000000004,0.37799999999999995,0.5710000000000001,2013-14
Transition,0.21600000000000003,0.574,0.345,0.684,0.282,0.409,0.373,0.39799999999999996,2013-14
