start_of_poss,percent_of_initial_attempts,e_fg_percent,percent_shots_at_rim,fg_percent_at_rim,percent_shots_2pt_jumpers,fg_percent_2pt_jumpers,percent_shots_3pt,fg_percent_3pt,season,team
"Rebound, 0-10 s",0.109,0.58,0.451,0.69,0.187,0.361,0.363,0.371,2015-16,Indiana
"Rebound, 11-30 s",0.175,0.42100000000000004,0.358,0.568,0.326,0.327,0.316,0.235,2015-16,Indiana
"Score, 0-10 s",0.054000000000000006,0.46799999999999997,0.34700000000000003,0.545,0.21100000000000002,0.2,0.442,0.35700000000000004,2015-16,Indiana
"Score, 11-30 s",0.444,0.47100000000000003,0.33299999999999996,0.525,0.33399999999999996,0.37,0.33299999999999996,0.345,2015-16,Indiana
"Steal, 0-10 s",0.066,0.6920000000000001,0.675,0.759,0.12,0.429,0.205,0.41700000000000004,2015-16,Indiana
"Steal, 11-30 s",0.026000000000000002,0.598,0.304,0.5710000000000001,0.348,0.375,0.348,0.562,2015-16,Indiana
Transition,0.22899999999999998,0.586,0.491,0.693,0.17300000000000001,0.32899999999999996,0.336,0.375,2015-16,Indiana
