start_of_poss,percent_of_initial_attempts,e_fg_percent,percent_shots_at_rim,fg_percent_at_rim,percent_shots_2pt_jumpers,fg_percent_2pt_jumpers,percent_shots_3pt,fg_percent_3pt,season,team
"Rebound, 0-10 s",0.132,0.59,0.418,0.619,0.18899999999999997,0.368,0.39299999999999996,0.44299999999999995,2016-17,Georgetown
"Rebound, 11-30 s",0.225,0.43,0.285,0.45899999999999996,0.331,0.377,0.384,0.303,2016-17,Georgetown
"Opp score, 0-10 s",0.04,0.5489999999999999,0.45899999999999996,0.679,0.08199999999999999,0.2,0.45899999999999996,0.321,2016-17,Georgetown
"Opp score, 11-30 s",0.409,0.529,0.32299999999999995,0.629,0.336,0.405,0.341,0.371,2016-17,Georgetown
"Steal, 0-10 s",0.055999999999999994,0.64,0.6509999999999999,0.75,0.198,0.41200000000000003,0.151,0.308,2016-17,Georgetown
"Steal, 11-30 s",0.023,0.47100000000000003,0.34299999999999997,0.33299999999999996,0.4,0.35700000000000004,0.257,0.556,2016-17,Georgetown
Transition,0.228,0.595,0.483,0.6729999999999999,0.172,0.36700000000000005,0.345,0.4,2016-17,Georgetown
