start_of_poss,percent_of_initial_attempts,e_fg_percent,percent_shots_at_rim,fg_percent_at_rim,percent_shots_2pt_jumpers,fg_percent_2pt_jumpers,percent_shots_3pt,fg_percent_3pt,season,team
"Rebound, 0-10 s",0.161,0.526,0.341,0.573,0.162,0.38799999999999996,0.49700000000000005,0.36,2016-17,CentralMich.
"Rebound, 11-30 s",0.179,0.521,0.23399999999999999,0.48100000000000004,0.20800000000000002,0.4,0.5579999999999999,0.38799999999999996,2016-17,CentralMich.
"Opp score, 0-10 s",0.096,0.5,0.254,0.674,0.127,0.304,0.619,0.312,2016-17,CentralMich.
"Opp score, 11-30 s",0.39299999999999996,0.495,0.2,0.568,0.231,0.39799999999999996,0.569,0.34,2016-17,CentralMich.
"Steal, 0-10 s",0.061,0.609,0.426,0.6729999999999999,0.061,0.5710000000000001,0.513,0.373,2016-17,CentralMich.
"Steal, 11-30 s",0.011000000000000001,0.643,0.28600000000000003,0.833,0.23800000000000002,0.2,0.47600000000000003,0.5,2016-17,CentralMich.
Transition,0.318,0.534,0.331,0.621,0.132,0.38,0.537,0.34600000000000003,2016-17,CentralMich.
