start_of_poss,percent_of_initial_attempts,e_fg_percent,percent_shots_at_rim,fg_percent_at_rim,percent_shots_2pt_jumpers,fg_percent_2pt_jumpers,percent_shots_3pt,fg_percent_3pt,season
"Rebound, 0-10 s",0.134,0.625,0.589,0.655,0.172,0.5760000000000001,0.24,0.391,2013-14
"Rebound, 11-30 s",0.175,0.506,0.348,0.655,0.348,0.299,0.304,0.382,2013-14
"Opp score, 0-10 s",0.069,0.423,0.45899999999999996,0.489,0.163,0.375,0.37799999999999995,0.243,2013-14
"Opp score, 11-30 s",0.40299999999999997,0.48700000000000004,0.32799999999999996,0.624,0.363,0.354,0.309,0.331,2013-14
"Steal, 0-10 s",0.066,0.691,0.7340000000000001,0.754,0.149,0.5,0.11699999999999999,0.364,2013-14
"Steal, 11-30 s",0.028999999999999998,0.595,0.28600000000000003,0.667,0.28600000000000003,0.16699999999999998,0.429,0.556,2013-14
Transition,0.26899999999999996,0.59,0.591,0.652,0.16399999999999998,0.508,0.245,0.33,2013-14
