start_of_poss,percent_of_initial_attempts,e_fg_percent,percent_shots_at_rim,fg_percent_at_rim,percent_shots_2pt_jumpers,fg_percent_2pt_jumpers,percent_shots_3pt,fg_percent_3pt,season,team
"Rebound, 0-10 s",0.11800000000000001,0.603,0.43200000000000005,0.738,0.124,0.522,0.44299999999999995,0.32899999999999996,2012-13,Oakland
"Rebound, 11-30 s",0.225,0.569,0.22899999999999998,0.667,0.316,0.473,0.455,0.391,2012-13,Oakland
"Score, 0-10 s",0.04,0.46,0.317,0.75,0.23800000000000002,0.133,0.444,0.28600000000000003,2012-13,Oakland
"Score, 11-30 s",0.41700000000000004,0.556,0.253,0.687,0.314,0.47100000000000003,0.434,0.361,2012-13,Oakland
"Steal, 0-10 s",0.062,0.7190000000000001,0.653,0.8590000000000001,0.122,0.41700000000000004,0.22399999999999998,0.318,2012-13,Oakland
"Steal, 11-30 s",0.025,0.615,0.436,0.706,0.282,0.273,0.282,0.545,2012-13,Oakland
Transition,0.22,0.61,0.474,0.787,0.145,0.38,0.382,0.318,2012-13,Oakland
