start_of_poss,percent_of_initial_attempts,e_fg_percent,percent_shots_at_rim,fg_percent_at_rim,percent_shots_2pt_jumpers,fg_percent_2pt_jumpers,percent_shots_3pt,fg_percent_3pt,season,team
"Rebound, 0-10 s",0.107,0.5539999999999999,0.39399999999999996,0.594,0.091,0.312,0.514,0.37799999999999995,2015-16,HolyCross
"Rebound, 11-30 s",0.282,0.524,0.38299999999999995,0.591,0.22899999999999998,0.429,0.38799999999999996,0.34299999999999997,2015-16,HolyCross
"Score, 0-10 s",0.040999999999999995,0.522,0.38799999999999996,0.731,0.075,0.2,0.537,0.278,2015-16,HolyCross
"Score, 11-30 s",0.38299999999999995,0.516,0.344,0.54,0.22899999999999998,0.406,0.42700000000000005,0.371,2015-16,HolyCross
"Steal, 0-10 s",0.053,0.598,0.632,0.691,0.092,0.25,0.276,0.33299999999999996,2015-16,HolyCross
"Steal, 11-30 s",0.023,0.6759999999999999,0.324,0.583,0.243,0.33299999999999996,0.43200000000000005,0.625,2015-16,HolyCross
Transition,0.20199999999999999,0.5589999999999999,0.456,0.653,0.08800000000000001,0.276,0.456,0.34700000000000003,2015-16,HolyCross
