start_of_poss,percent_of_initial_attempts,e_fg_percent,percent_shots_at_rim,fg_percent_at_rim,percent_shots_2pt_jumpers,fg_percent_2pt_jumpers,percent_shots_3pt,fg_percent_3pt,season,team
"Rebound, 0-10 s",0.128,0.57,0.3,0.758,0.33299999999999996,0.46399999999999997,0.36700000000000005,0.342,2016-17,Baylor
"Rebound, 11-30 s",0.25,0.47200000000000003,0.171,0.652,0.49,0.348,0.33899999999999997,0.37200000000000005,2016-17,Baylor
"Opp score, 0-10 s",0.025,0.8290000000000001,0.341,0.7140000000000001,0.244,0.6,0.415,0.706,2016-17,Baylor
"Opp score, 11-30 s",0.397,0.484,0.192,0.6990000000000001,0.429,0.42200000000000004,0.379,0.29600000000000004,2016-17,Baylor
"Steal, 0-10 s",0.055,0.522,0.494,0.75,0.292,0.34600000000000003,0.213,0.158,2016-17,Baylor
"Steal, 11-30 s",0.022000000000000002,0.736,0.361,0.769,0.222,0.375,0.41700000000000004,0.6,2016-17,Baylor
Transition,0.209,0.589,0.35600000000000004,0.75,0.312,0.44799999999999995,0.332,0.366,2016-17,Baylor
