start_of_poss,percent_of_initial_attempts,e_fg_percent,percent_shots_at_rim,fg_percent_at_rim,percent_shots_2pt_jumpers,fg_percent_2pt_jumpers,percent_shots_3pt,fg_percent_3pt,season,team
"Rebound, 0-10 s",0.18,0.5379999999999999,0.41700000000000004,0.652,0.184,0.361,0.39899999999999997,0.33299999999999996,2018-19,Michigan
"Rebound, 11-30 s",0.222,0.491,0.293,0.5920000000000001,0.249,0.33299999999999996,0.457,0.342,2018-19,Michigan
"Opp score, 0-10 s",0.027000000000000003,0.561,0.408,0.75,0.14300000000000002,0.28600000000000003,0.449,0.318,2018-19,Michigan
"Opp score, 11-30 s",0.369,0.505,0.3,0.637,0.285,0.33,0.41600000000000004,0.353,2018-19,Michigan
"Steal, 0-10 s",0.042,0.679,0.654,0.784,0.09,0.14300000000000002,0.256,0.4,2018-19,Michigan
"Steal, 11-30 s",0.023,0.43,0.256,0.545,0.395,0.47100000000000003,0.349,0.2,2018-19,Michigan
Transition,0.248,0.564,0.456,0.6940000000000001,0.16399999999999998,0.33299999999999996,0.38,0.33899999999999997,2018-19,Michigan
