start_of_poss,percent_of_initial_attempts,e_fg_percent,percent_shots_at_rim,fg_percent_at_rim,percent_shots_2pt_jumpers,fg_percent_2pt_jumpers,percent_shots_3pt,fg_percent_3pt,season
"Rebound, 0-10 s",0.10800000000000001,0.5379999999999999,0.387,0.657,0.214,0.35100000000000003,0.39899999999999997,0.348,2012-13
"Rebound, 11-30 s",0.22,0.55,0.185,0.677,0.40299999999999997,0.324,0.41200000000000003,0.47600000000000003,2012-13
"Score, 0-10 s",0.057,0.5429999999999999,0.326,0.733,0.217,0.35,0.457,0.33299999999999996,2012-13
"Score, 11-30 s",0.39,0.469,0.22399999999999998,0.564,0.358,0.326,0.418,0.36,2012-13
"Steal, 0-10 s",0.059000000000000004,0.516,0.617,0.655,0.23399999999999999,0.273,0.149,0.214,2012-13
"Steal, 11-30 s",0.036000000000000004,0.491,0.24100000000000002,0.7140000000000001,0.397,0.217,0.36200000000000004,0.429,2012-13
Transition,0.22399999999999998,0.5329999999999999,0.43200000000000005,0.6709999999999999,0.22,0.32899999999999996,0.348,0.32799999999999996,2012-13
