start_of_poss,percent_of_initial_attempts,e_fg_percent,percent_shots_at_rim,fg_percent_at_rim,percent_shots_2pt_jumpers,fg_percent_2pt_jumpers,percent_shots_3pt,fg_percent_3pt,season,team
"Rebound, 0-10 s",0.11699999999999999,0.545,0.413,0.705,0.222,0.28600000000000003,0.365,0.348,2015-16,PortlandSt.
"Rebound, 11-30 s",0.223,0.506,0.263,0.568,0.349,0.294,0.38799999999999996,0.436,2015-16,PortlandSt.
"Score, 0-10 s",0.065,0.452,0.276,0.655,0.295,0.29,0.429,0.289,2015-16,PortlandSt.
"Score, 11-30 s",0.4,0.532,0.273,0.701,0.36700000000000005,0.35700000000000004,0.361,0.389,2015-16,PortlandSt.
"Steal, 0-10 s",0.07200000000000001,0.632,0.598,0.6709999999999999,0.188,0.409,0.214,0.48,2015-16,PortlandSt.
"Steal, 11-30 s",0.025,0.5,0.341,0.5710000000000001,0.317,0.385,0.341,0.35700000000000004,2015-16,PortlandSt.
Transition,0.254,0.546,0.431,0.684,0.231,0.316,0.33799999999999997,0.353,2015-16,PortlandSt.
