start_of_poss,percent_of_initial_attempts,e_fg_percent,percent_shots_at_rim,fg_percent_at_rim,percent_shots_2pt_jumpers,fg_percent_2pt_jumpers,percent_shots_3pt,fg_percent_3pt,season,team
"Rebound, 0-10 s",0.106,0.5,0.32899999999999996,0.574,0.311,0.47100000000000003,0.36,0.305,2014-15,MiddleTenn.
"Rebound, 11-30 s",0.252,0.535,0.318,0.605,0.36700000000000005,0.35700000000000004,0.315,0.447,2014-15,MiddleTenn.
"Score, 0-10 s",0.043,0.47,0.273,0.667,0.318,0.47600000000000003,0.409,0.222,2014-15,MiddleTenn.
"Score, 11-30 s",0.377,0.46799999999999997,0.293,0.573,0.35200000000000004,0.327,0.355,0.348,2014-15,MiddleTenn.
"Steal, 0-10 s",0.063,0.644,0.701,0.721,0.09300000000000001,0.33299999999999996,0.20600000000000002,0.35,2014-15,MiddleTenn.
"Steal, 11-30 s",0.025,0.41,0.231,0.444,0.308,0.5,0.462,0.222,2014-15,MiddleTenn.
Transition,0.21100000000000002,0.537,0.428,0.657,0.248,0.457,0.324,0.292,2014-15,MiddleTenn.
