start_of_poss,percent_of_initial_attempts,e_fg_percent,percent_shots_at_rim,fg_percent_at_rim,percent_shots_2pt_jumpers,fg_percent_2pt_jumpers,percent_shots_3pt,fg_percent_3pt,season,team
"Rebound, 0-10 s",0.145,0.544,0.467,0.654,0.262,0.483,0.271,0.27399999999999997,2016-17,Towson
"Rebound, 11-30 s",0.22899999999999998,0.45299999999999996,0.26,0.5429999999999999,0.435,0.382,0.305,0.318,2016-17,Towson
"Opp score, 0-10 s",0.035,0.455,0.382,0.762,0.182,0.3,0.436,0.16699999999999998,2016-17,Towson
"Opp score, 11-30 s",0.37200000000000005,0.434,0.235,0.536,0.451,0.325,0.313,0.342,2016-17,Towson
"Steal, 0-10 s",0.077,0.643,0.746,0.7140000000000001,0.156,0.474,0.098,0.25,2016-17,Towson
"Steal, 11-30 s",0.025,0.526,0.359,0.857,0.282,0.091,0.359,0.35700000000000004,2016-17,Towson
Transition,0.257,0.562,0.539,0.6890000000000001,0.21899999999999997,0.461,0.24100000000000002,0.245,2016-17,Towson
