start_of_poss,percent_of_initial_attempts,e_fg_percent,percent_shots_at_rim,fg_percent_at_rim,percent_shots_2pt_jumpers,fg_percent_2pt_jumpers,percent_shots_3pt,fg_percent_3pt,season
"Rebound, 0-10 s",0.131,0.44799999999999995,0.33299999999999996,0.593,0.302,0.245,0.364,0.322,2014-15
"Rebound, 11-30 s",0.201,0.361,0.226,0.446,0.536,0.33799999999999997,0.23800000000000002,0.22,2014-15
"Opp score, 0-10 s",0.064,0.418,0.24100000000000002,0.632,0.38,0.3,0.38,0.267,2014-15
"Opp score, 11-30 s",0.41600000000000004,0.365,0.23600000000000002,0.47100000000000003,0.485,0.26899999999999996,0.27899999999999997,0.294,2014-15
"Steal, 0-10 s",0.059000000000000004,0.568,0.493,0.6940000000000001,0.342,0.36,0.16399999999999998,0.41700000000000004,2014-15
"Steal, 11-30 s",0.019,0.28300000000000003,0.217,0.2,0.565,0.308,0.217,0.2,2014-15
Transition,0.254,0.46799999999999997,0.34700000000000003,0.633,0.331,0.28800000000000003,0.322,0.317,2014-15
