start_of_poss,percent_of_initial_attempts,e_fg_percent,percent_shots_at_rim,fg_percent_at_rim,percent_shots_2pt_jumpers,fg_percent_2pt_jumpers,percent_shots_3pt,fg_percent_3pt,season
"Rebound, 0-10 s",0.13699999999999998,0.601,0.39899999999999997,0.691,0.261,0.396,0.34,0.435,2015-16
"Rebound, 11-30 s",0.245,0.441,0.195,0.648,0.484,0.369,0.321,0.282,2015-16
"Score, 0-10 s",0.038,0.366,0.23199999999999998,0.615,0.35700000000000004,0.4,0.41100000000000003,0.13,2015-16
"Score, 11-30 s",0.306,0.466,0.187,0.647,0.424,0.316,0.389,0.36200000000000004,2015-16
"Steal, 0-10 s",0.081,0.599,0.669,0.63,0.215,0.423,0.11599999999999999,0.5,2015-16
"Steal, 11-30 s",0.032,0.45799999999999996,0.25,0.583,0.396,0.158,0.354,0.47100000000000003,2015-16
Transition,0.256,0.5660000000000001,0.461,0.657,0.261,0.40399999999999997,0.27899999999999997,0.377,2015-16
