start_of_poss,percent_of_initial_attempts,e_fg_percent,percent_shots_at_rim,fg_percent_at_rim,percent_shots_2pt_jumpers,fg_percent_2pt_jumpers,percent_shots_3pt,fg_percent_3pt,season
"Rebound, 0-10 s",0.077,0.5870000000000001,0.33899999999999997,0.568,0.20199999999999999,0.455,0.45899999999999996,0.44,2015-16
"Rebound, 11-30 s",0.289,0.408,0.19699999999999998,0.488,0.396,0.32299999999999995,0.408,0.301,2015-16
"Opp score, 0-10 s",0.052000000000000005,0.418,0.247,0.667,0.21899999999999997,0.312,0.534,0.231,2015-16
"Opp score, 11-30 s",0.405,0.382,0.179,0.51,0.44799999999999995,0.36700000000000005,0.373,0.225,2015-16
"Steal, 0-10 s",0.034,0.552,0.354,0.765,0.33299999999999996,0.375,0.312,0.33299999999999996,2015-16
"Steal, 11-30 s",0.022000000000000002,0.29,0.161,0.4,0.516,0.25,0.32299999999999995,0.2,2015-16
Transition,0.163,0.526,0.313,0.639,0.235,0.389,0.452,0.34600000000000003,2015-16
