start_of_poss,percent_of_initial_attempts,e_fg_percent,percent_shots_at_rim,fg_percent_at_rim,percent_shots_2pt_jumpers,fg_percent_2pt_jumpers,percent_shots_3pt,fg_percent_3pt,season,team
"Rebound, 0-10 s",0.11199999999999999,0.48700000000000004,0.575,0.545,0.105,0.43799999999999994,0.32,0.265,2014-15,HolyCross
"Rebound, 11-30 s",0.20800000000000002,0.484,0.302,0.57,0.33299999999999996,0.368,0.365,0.34600000000000003,2014-15,HolyCross
"Opp score, 0-10 s",0.055,0.513,0.33299999999999996,0.44,0.16,0.16699999999999998,0.507,0.447,2014-15,HolyCross
"Opp score, 11-30 s",0.387,0.46399999999999997,0.3,0.49700000000000005,0.308,0.38,0.392,0.337,2014-15,HolyCross
"Steal, 0-10 s",0.07200000000000001,0.556,0.6970000000000001,0.638,0.111,0.455,0.192,0.21100000000000002,2014-15,HolyCross
"Steal, 11-30 s",0.046,0.365,0.444,0.429,0.349,0.22699999999999998,0.20600000000000002,0.308,2014-15,HolyCross
Transition,0.239,0.514,0.557,0.5660000000000001,0.11900000000000001,0.359,0.324,0.321,2014-15,HolyCross
