start_of_poss,percent_of_initial_attempts,e_fg_percent,percent_shots_at_rim,fg_percent_at_rim,percent_shots_2pt_jumpers,fg_percent_2pt_jumpers,percent_shots_3pt,fg_percent_3pt,season
"Rebound, 0-10 s",0.132,0.53,0.46399999999999997,0.551,0.19,0.5,0.345,0.345,2014-15
"Rebound, 11-30 s",0.247,0.5379999999999999,0.37799999999999995,0.588,0.289,0.385,0.33299999999999996,0.41,2014-15
"Score, 0-10 s",0.053,0.5820000000000001,0.507,0.6759999999999999,0.10400000000000001,0.5710000000000001,0.38799999999999996,0.308,2014-15
"Score, 11-30 s",0.37799999999999995,0.488,0.418,0.502,0.249,0.4,0.33299999999999996,0.35600000000000004,2014-15
"Steal, 0-10 s",0.05,0.516,0.7809999999999999,0.56,0.078,0.4,0.141,0.222,2014-15
"Steal, 11-30 s",0.025,0.42200000000000004,0.281,0.444,0.375,0.16699999999999998,0.344,0.455,2014-15
Transition,0.235,0.5379999999999999,0.542,0.58,0.147,0.5,0.311,0.32299999999999995,2014-15
