start_of_poss,percent_of_initial_attempts,e_fg_percent,percent_shots_at_rim,fg_percent_at_rim,percent_shots_2pt_jumpers,fg_percent_2pt_jumpers,percent_shots_3pt,fg_percent_3pt,season
"Rebound, 0-10 s",0.125,0.541,0.47100000000000003,0.6829999999999999,0.195,0.326,0.335,0.311,2017-18
"Rebound, 11-30 s",0.209,0.5479999999999999,0.28300000000000003,0.7120000000000001,0.364,0.47,0.353,0.331,2017-18
"Score, 0-10 s",0.04,0.46399999999999997,0.314,0.682,0.2,0.28600000000000003,0.486,0.265,2017-18
"Score, 11-30 s",0.43,0.532,0.26899999999999996,0.647,0.396,0.37,0.335,0.42100000000000004,2017-18
"Steal, 0-10 s",0.062,0.6970000000000001,0.688,0.813,0.128,0.429,0.183,0.3,2017-18
"Steal, 11-30 s",0.02,0.44299999999999995,0.2,0.5710000000000001,0.4,0.28600000000000003,0.4,0.35700000000000004,2017-18
Transition,0.22699999999999998,0.57,0.502,0.731,0.17800000000000002,0.33799999999999997,0.32,0.297,2017-18
