start_of_poss,percent_of_initial_attempts,e_fg_percent,percent_shots_at_rim,fg_percent_at_rim,percent_shots_2pt_jumpers,fg_percent_2pt_jumpers,percent_shots_3pt,fg_percent_3pt,season,team
"Rebound, 0-10 s",0.12300000000000001,0.512,0.406,0.659,0.14300000000000002,0.258,0.452,0.306,2015-16,VirginiaTech
"Rebound, 11-30 s",0.223,0.504,0.35,0.645,0.27699999999999997,0.275,0.373,0.361,2015-16,VirginiaTech
"Score, 0-10 s",0.039,0.46399999999999997,0.391,0.667,0.174,0.16699999999999998,0.435,0.267,2015-16,VirginiaTech
"Score, 11-30 s",0.41600000000000004,0.442,0.292,0.521,0.308,0.348,0.4,0.305,2015-16,VirginiaTech
"Steal, 0-10 s",0.062,0.688,0.642,0.7859999999999999,0.128,0.35700000000000004,0.22899999999999998,0.4,2015-16,VirginiaTech
"Steal, 11-30 s",0.023,0.45,0.225,0.667,0.3,0.25,0.475,0.316,2015-16,VirginiaTech
Transition,0.223,0.552,0.46799999999999997,0.708,0.14400000000000002,0.263,0.387,0.314,2015-16,VirginiaTech
