start_of_poss,percent_of_initial_attempts,e_fg_percent,percent_shots_at_rim,fg_percent_at_rim,percent_shots_2pt_jumpers,fg_percent_2pt_jumpers,percent_shots_3pt,fg_percent_3pt,season
"Rebound, 0-10 s",0.135,0.525,0.445,0.5770000000000001,0.147,0.375,0.408,0.348,2015-16
"Rebound, 11-30 s",0.19899999999999998,0.42100000000000004,0.327,0.457,0.29,0.32299999999999995,0.38299999999999995,0.309,2015-16
"Score, 0-10 s",0.071,0.513,0.35700000000000004,0.585,0.2,0.348,0.44299999999999995,0.353,2015-16
"Score, 11-30 s",0.395,0.452,0.259,0.49700000000000005,0.297,0.344,0.444,0.332,2015-16
"Steal, 0-10 s",0.061,0.545,0.687,0.662,0.10099999999999999,0.3,0.212,0.19,2015-16
"Steal, 11-30 s",0.024,0.359,0.385,0.33299999999999996,0.256,0.3,0.359,0.28600000000000003,2015-16
Transition,0.268,0.527,0.47700000000000004,0.607,0.15,0.354,0.373,0.32899999999999996,2015-16
