start_of_poss,percent_of_initial_attempts,e_fg_percent,percent_shots_at_rim,fg_percent_at_rim,percent_shots_2pt_jumpers,fg_percent_2pt_jumpers,percent_shots_3pt,fg_percent_3pt,season,team
"Rebound, 0-10 s",0.156,0.517,0.496,0.6409999999999999,0.195,0.435,0.309,0.247,2013-14,FloridaA&M
"Rebound, 11-30 s",0.191,0.439,0.27399999999999997,0.532,0.37200000000000005,0.327,0.354,0.324,2013-14,FloridaA&M
"Score, 0-10 s",0.066,0.52,0.384,0.605,0.242,0.25,0.374,0.405,2013-14,FloridaA&M
"Score, 11-30 s",0.36,0.41700000000000004,0.307,0.509,0.38799999999999996,0.289,0.305,0.325,2013-14,FloridaA&M
"Steal, 0-10 s",0.067,0.619,0.6729999999999999,0.662,0.188,0.368,0.139,0.5,2013-14,FloridaA&M
"Steal, 11-30 s",0.017,0.46,0.4,0.6,0.24,0.16699999999999998,0.36,0.33299999999999996,2013-14,FloridaA&M
Transition,0.289,0.541,0.511,0.6409999999999999,0.204,0.371,0.284,0.32299999999999995,2013-14,FloridaA&M
