start_of_poss,percent_of_initial_attempts,e_fg_percent,percent_shots_at_rim,fg_percent_at_rim,percent_shots_2pt_jumpers,fg_percent_2pt_jumpers,percent_shots_3pt,fg_percent_3pt,season,team
"Rebound, 0-10 s",0.179,0.51,0.369,0.575,0.16,0.326,0.47,0.348,2019-20,UMBC
"Rebound, 11-30 s",0.191,0.466,0.248,0.645,0.239,0.397,0.513,0.27399999999999997,2019-20,UMBC
"Score, 0-10 s",0.05,0.456,0.475,0.6579999999999999,0.11199999999999999,0.111,0.41200000000000003,0.212,2019-20,UMBC
"Score, 11-30 s",0.37799999999999995,0.465,0.263,0.5720000000000001,0.243,0.327,0.494,0.318,2019-20,UMBC
"Steal, 0-10 s",0.04,0.688,0.672,0.7440000000000001,0.078,0,0.25,0.5,2019-20,UMBC
"Steal, 11-30 s",0.027999999999999997,0.47700000000000004,0.341,0.5329999999999999,0.25,0.364,0.409,0.33299999999999996,2019-20,UMBC
Transition,0.26899999999999996,0.527,0.434,0.631,0.139,0.267,0.42700000000000005,0.337,2019-20,UMBC
