start_of_poss,percent_of_initial_attempts,e_fg_percent,percent_shots_at_rim,fg_percent_at_rim,percent_shots_2pt_jumpers,fg_percent_2pt_jumpers,percent_shots_3pt,fg_percent_3pt,season,team
"Rebound, 0-10 s",0.10099999999999999,0.406,0.4,0.516,0.19399999999999998,0.33299999999999996,0.406,0.222,2017-18,Harvard
"Rebound, 11-30 s",0.249,0.512,0.325,0.573,0.272,0.34600000000000003,0.40299999999999997,0.38299999999999995,2017-18,Harvard
"Score, 0-10 s",0.042,0.508,0.462,0.633,0.12300000000000001,0.25,0.415,0.29600000000000004,2017-18,Harvard
"Score, 11-30 s",0.38299999999999995,0.48,0.309,0.53,0.265,0.355,0.42700000000000005,0.348,2017-18,Harvard
"Steal, 0-10 s",0.067,0.598,0.647,0.667,0.10800000000000001,0.182,0.245,0.4,2017-18,Harvard
"Steal, 11-30 s",0.034,0.452,0.308,0.562,0.28800000000000003,0.267,0.40399999999999997,0.33299999999999996,2017-18,Harvard
Transition,0.21,0.488,0.491,0.601,0.152,0.28600000000000003,0.35700000000000004,0.278,2017-18,Harvard
