start_of_poss,percent_of_initial_attempts,e_fg_percent,percent_shots_at_rim,fg_percent_at_rim,percent_shots_2pt_jumpers,fg_percent_2pt_jumpers,percent_shots_3pt,fg_percent_3pt,season,team
"Rebound, 0-10 s",0.128,0.601,0.581,0.6829999999999999,0.12,0.385,0.3,0.354,2015-16,UAB
"Rebound, 11-30 s",0.237,0.509,0.282,0.531,0.33399999999999996,0.381,0.384,0.40299999999999997,2015-16,UAB
"Opp score, 0-10 s",0.037000000000000005,0.621,0.40299999999999997,0.64,0.09699999999999999,0.5,0.5,0.419,2015-16,UAB
"Opp score, 11-30 s",0.39899999999999997,0.489,0.284,0.578,0.332,0.36200000000000004,0.384,0.355,2015-16,UAB
"Steal, 0-10 s",0.068,0.643,0.6779999999999999,0.731,0.139,0.5,0.183,0.28600000000000003,2015-16,UAB
"Steal, 11-30 s",0.025,0.605,0.27899999999999997,0.41700000000000004,0.349,0.6,0.37200000000000005,0.5,2015-16,UAB
Transition,0.233,0.617,0.581,0.6940000000000001,0.122,0.43799999999999994,0.297,0.359,2015-16,UAB
