start_of_poss,percent_of_initial_attempts,e_fg_percent,percent_shots_at_rim,fg_percent_at_rim,percent_shots_2pt_jumpers,fg_percent_2pt_jumpers,percent_shots_3pt,fg_percent_3pt,season,team
"Rebound, 0-10 s",0.11699999999999999,0.49200000000000005,0.425,0.532,0.16699999999999998,0.484,0.409,0.303,2013-14,Albany(NY)
"Rebound, 11-30 s",0.213,0.507,0.32799999999999996,0.47700000000000004,0.275,0.355,0.396,0.425,2013-14,Albany(NY)
"Score, 0-10 s",0.054000000000000006,0.541,0.349,0.6,0.151,0.462,0.5,0.349,2013-14,Albany(NY)
"Score, 11-30 s",0.396,0.441,0.38299999999999995,0.473,0.22699999999999998,0.336,0.39,0.314,2013-14,Albany(NY)
"Steal, 0-10 s",0.057,0.626,0.703,0.688,0.066,0.16699999999999998,0.231,0.381,2013-14,Albany(NY)
"Steal, 11-30 s",0.031,0.5,0.306,0.667,0.265,0.5379999999999999,0.429,0.23800000000000002,2013-14,Albany(NY)
Transition,0.228,0.537,0.47700000000000004,0.601,0.138,0.44,0.386,0.32899999999999996,2013-14,Albany(NY)
