start_of_poss,percent_of_initial_attempts,e_fg_percent,percent_shots_at_rim,fg_percent_at_rim,percent_shots_2pt_jumpers,fg_percent_2pt_jumpers,percent_shots_3pt,fg_percent_3pt,season
"Rebound, 0-10 s",0.105,0.506,0.31,0.45799999999999996,0.271,0.381,0.419,0.415,2012-13
"Rebound, 11-30 s",0.24600000000000002,0.41700000000000004,0.221,0.425,0.36700000000000005,0.406,0.41200000000000003,0.282,2012-13
"Score, 0-10 s",0.040999999999999995,0.35,0.3,0.5,0.3,0.16699999999999998,0.4,0.25,2012-13
"Score, 11-30 s",0.406,0.40399999999999997,0.28800000000000003,0.47700000000000004,0.377,0.28,0.335,0.32,2012-13
"Steal, 0-10 s",0.054000000000000006,0.525,0.5820000000000001,0.5870000000000001,0.228,0.556,0.19,0.2,2012-13
"Steal, 11-30 s",0.032,0.27699999999999997,0.213,0.5,0.255,0.16699999999999998,0.532,0.16,2012-13
Transition,0.2,0.48,0.381,0.518,0.265,0.37200000000000005,0.354,0.34600000000000003,2012-13
