start_of_poss,percent_of_initial_attempts,e_fg_percent,percent_shots_at_rim,fg_percent_at_rim,percent_shots_2pt_jumpers,fg_percent_2pt_jumpers,percent_shots_3pt,fg_percent_3pt,season
"Rebound, 0-10 s",0.102,0.496,0.408,0.534,0.183,0.192,0.408,0.397,2012-13
"Rebound, 11-30 s",0.26,0.42100000000000004,0.19699999999999998,0.5770000000000001,0.446,0.335,0.35700000000000004,0.295,2012-13
"Opp score, 0-10 s",0.045,0.579,0.317,0.6,0.175,0.455,0.508,0.406,2012-13
"Opp score, 11-30 s",0.37799999999999995,0.44,0.226,0.479,0.433,0.39,0.34,0.318,2012-13
"Steal, 0-10 s",0.043,0.5579999999999999,0.75,0.6890000000000001,0.083,0.2,0.16699999999999998,0.1,2012-13
"Steal, 11-30 s",0.037000000000000005,0.363,0.255,0.385,0.373,0.158,0.373,0.368,2012-13
Transition,0.191,0.53,0.46399999999999997,0.602,0.158,0.262,0.377,0.37,2012-13
