start_of_poss,percent_of_initial_attempts,e_fg_percent,percent_shots_at_rim,fg_percent_at_rim,percent_shots_2pt_jumpers,fg_percent_2pt_jumpers,percent_shots_3pt,fg_percent_3pt,season
"Rebound, 0-10 s",0.127,0.48,0.337,0.435,0.18,0.18899999999999997,0.483,0.414,2013-14
"Rebound, 11-30 s",0.209,0.441,0.36200000000000004,0.451,0.294,0.293,0.344,0.371,2013-14
"Score, 0-10 s",0.068,0.527,0.373,0.512,0.16399999999999998,0.556,0.46399999999999997,0.353,2013-14
"Score, 11-30 s",0.40399999999999997,0.449,0.354,0.511,0.331,0.29600000000000004,0.315,0.359,2013-14
"Steal, 0-10 s",0.061,0.5660000000000001,0.636,0.556,0.131,0.462,0.23199999999999998,0.435,2013-14
"Steal, 11-30 s",0.022000000000000002,0.47100000000000003,0.486,0.588,0.22899999999999998,0.25,0.28600000000000003,0.3,2013-14
Transition,0.256,0.513,0.418,0.49700000000000005,0.16399999999999998,0.33799999999999997,0.418,0.39899999999999997,2013-14
