start_of_poss,percent_of_initial_attempts,e_fg_percent,percent_shots_at_rim,fg_percent_at_rim,percent_shots_2pt_jumpers,fg_percent_2pt_jumpers,percent_shots_3pt,fg_percent_3pt,season,team
"Rebound, 0-10 s",0.124,0.575,0.376,0.6759999999999999,0.19899999999999998,0.361,0.425,0.39,2018-19,Pacific
"Rebound, 11-30 s",0.23,0.568,0.28,0.628,0.271,0.363,0.449,0.43700000000000006,2018-19,Pacific
"Score, 0-10 s",0.064,0.5,0.34,0.7190000000000001,0.149,0.429,0.511,0.25,2018-19,Pacific
"Score, 11-30 s",0.363,0.508,0.239,0.614,0.264,0.436,0.49700000000000005,0.33,2018-19,Pacific
"Steal, 0-10 s",0.057,0.619,0.667,0.679,0.071,0.33299999999999996,0.262,0.364,2018-19,Pacific
"Steal, 11-30 s",0.03,0.534,0.318,0.5710000000000001,0.295,0.154,0.386,0.529,2018-19,Pacific
Transition,0.24600000000000002,0.565,0.435,0.6859999999999999,0.156,0.375,0.409,0.34,2018-19,Pacific
