start_of_poss,percent_of_initial_attempts,e_fg_percent,percent_shots_at_rim,fg_percent_at_rim,percent_shots_2pt_jumpers,fg_percent_2pt_jumpers,percent_shots_3pt,fg_percent_3pt,season,team
"Rebound, 0-10 s",0.124,0.542,0.426,0.552,0.162,0.39399999999999996,0.41200000000000003,0.39299999999999996,2016-17,Buffalo
"Rebound, 11-30 s",0.195,0.469,0.375,0.517,0.281,0.311,0.344,0.364,2016-17,Buffalo
"Score, 0-10 s",0.046,0.46,0.253,0.632,0.293,0.409,0.45299999999999996,0.265,2016-17,Buffalo
"Score, 11-30 s",0.413,0.445,0.32,0.47,0.303,0.345,0.377,0.336,2016-17,Buffalo
"Steal, 0-10 s",0.062,0.569,0.578,0.593,0.10800000000000001,0.455,0.314,0.375,2016-17,Buffalo
"Steal, 11-30 s",0.031,0.363,0.353,0.444,0.235,0.25,0.41200000000000003,0.23800000000000002,2016-17,Buffalo
Transition,0.23199999999999998,0.5329999999999999,0.433,0.5760000000000001,0.17300000000000001,0.409,0.39399999999999996,0.36,2016-17,Buffalo
